date,open,high,low,close
1619827200000.0,1.4029,1.4047,1.393,1.4033
1619827500000.0,1.4032,1.4039,1.3981,1.3995
1619827800000.0,1.3983,1.4009,1.3924,1.3967
1619828100000.0,1.396,1.396,1.3893,1.392
1619828400000.0,1.3912,1.3959,1.3897,1.3925
1619828700000.0,1.3925,1.3971,1.3916,1.3967
1619829000000.0,1.3969,1.3982,1.394,1.3954
1619829300000.0,1.3952,1.397,1.3935,1.3946
1619829600000.0,1.395,1.3969,1.3923,1.3965
1619829900000.0,1.3963,1.3992,1.3941,1.396
1619830200000.0,1.3963,1.3969,1.3823,1.3861
1619830500000.0,1.3865,1.39,1.3849,1.3876
1619830800000.0,1.3871,1.3884,1.3775,1.3782
1619831100000.0,1.3782,1.3804,1.3716,1.3751
1619831400000.0,1.375,1.3815,1.3742,1.3789
1619831700000.0,1.3789,1.3819,1.377,1.3792
1619832000000.0,1.379,1.3845,1.3772,1.3845
1619832300000.0,1.3845,1.3849,1.3812,1.3838
1619832600000.0,1.3847,1.3878,1.3809,1.3878
1619832900000.0,1.3878,1.3925,1.3874,1.391
1619833200000.0,1.391,1.3986,1.3905,1.3965
1619833500000.0,1.3964,1.3964,1.39,1.3903
1619833800000.0,1.3903,1.3932,1.3885,1.39
1619834100000.0,1.3908,1.3976,1.3892,1.3976
1619834400000.0,1.3979,1.4077,1.3977,1.4074
1619834700000.0,1.4069,1.4106,1.4023,1.41
1619835000000.0,1.4093,1.4139,1.4068,1.4136
1619835300000.0,1.4125,1.4129,1.4064,1.4069
1619835600000.0,1.4065,1.4161,1.4062,1.4155
1619835900000.0,1.4162,1.42,1.4109,1.4136
1619836200000.0,1.4134,1.4157,1.4102,1.4144
1619836500000.0,1.4158,1.416,1.4128,1.4141
1619836800000.0,1.4142,1.4168,1.4136,1.4158
1619837100000.0,1.4146,1.416,1.4117,1.4153
1619837400000.0,1.415,1.416,1.4109,1.4135
1619837700000.0,1.4138,1.416,1.412,1.4127
1619838000000.0,1.4118,1.4152,1.4114,1.4152
1619838300000.0,1.4151,1.4176,1.4143,1.4153
1619838600000.0,1.4152,1.4157,1.4051,1.4087
1619838900000.0,1.4091,1.4125,1.4073,1.4089
1619839200000.0,1.4096,1.4098,1.4055,1.4072
1619839500000.0,1.4072,1.4113,1.4051,1.4097
1619839800000.0,1.4098,1.4177,1.408,1.4127
1619840100000.0,1.4118,1.4125,1.409,1.409
1619840400000.0,1.4091,1.415,1.4078,1.4114
1619840700000.0,1.4105,1.4149,1.4082,1.4114
1619841000000.0,1.4113,1.4116,1.4092,1.4104
1619841300000.0,1.4095,1.4135,1.4095,1.4132
1619841600000.0,1.4129,1.4185,1.4122,1.4143
1619841900000.0,1.4144,1.4192,1.4135,1.4186
1619842200000.0,1.4189,1.419,1.4135,1.4153
1619842500000.0,1.4151,1.4163,1.4118,1.4139
1619842800000.0,1.414,1.4185,1.4101,1.4175
1619843100000.0,1.4179,1.4182,1.4051,1.4075
1619843400000.0,1.4066,1.4083,1.4002,1.405
1619843700000.0,1.4039,1.4039,1.3981,1.4018
1619844000000.0,1.4023,1.4027,1.3969,1.3993
1619844300000.0,1.3994,1.4026,1.397,1.4025
1619844600000.0,1.4025,1.4046,1.4016,1.4034
1619844900000.0,1.4033,1.4066,1.402,1.4037
1619845200000.0,1.4045,1.4053,1.399,1.4018
1619845500000.0,1.4013,1.4046,1.4004,1.4019
1619845800000.0,1.4014,1.4028,1.3995,1.402
1619846100000.0,1.4019,1.4021,1.3996,1.4013
1619846400000.0,1.4013,1.4108,1.4013,1.4094
1619846700000.0,1.4094,1.41,1.4061,1.4077
1619847000000.0,1.4081,1.41,1.4071,1.4075
1619847300000.0,1.4074,1.41,1.4062,1.408
1619847600000.0,1.4084,1.4087,1.4017,1.4017
1619847900000.0,1.4018,1.4035,1.4015,1.4027
1619848200000.0,1.4029,1.4034,1.392,1.3935
1619848500000.0,1.3941,1.3965,1.3919,1.3919
1619848800000.0,1.3922,1.3938,1.3864,1.3868
1619849100000.0,1.3874,1.3922,1.387,1.3917
1619849400000.0,1.3911,1.3939,1.389,1.3903
1619849700000.0,1.3904,1.3908,1.3863,1.3892
1619850000000.0,1.3892,1.3901,1.3863,1.3864
1619850300000.0,1.3864,1.3886,1.3851,1.3851
1619850600000.0,1.3851,1.3874,1.3831,1.3873
1619850900000.0,1.3873,1.3873,1.3831,1.3871
1619851200000.0,1.3871,1.3872,1.3834,1.3854
1619851500000.0,1.3859,1.403,1.3815,1.3966
1619851800000.0,1.3974,1.3987,1.3938,1.3961
1619852100000.0,1.3964,1.3976,1.392,1.3928
1619852400000.0,1.3928,1.3975,1.39,1.3933
1619852700000.0,1.3931,1.3931,1.3839,1.3839
1619853000000.0,1.3849,1.3861,1.3692,1.3756
1619853300000.0,1.3759,1.3847,1.375,1.3823
1619853600000.0,1.3833,1.3848,1.3823,1.3848
1619853900000.0,1.3848,1.3863,1.3806,1.3818
1619854200000.0,1.3813,1.3847,1.3789,1.38
1619854500000.0,1.3792,1.381,1.3765,1.377
1619854800000.0,1.3768,1.3796,1.3758,1.3761
1619855100000.0,1.3763,1.3804,1.3747,1.3777
1619855400000.0,1.3778,1.3793,1.3755,1.3776
1619855700000.0,1.3781,1.3791,1.3738,1.3756
1619856000000.0,1.3758,1.3813,1.3749,1.3791
1619856300000.0,1.3797,1.3898,1.3791,1.3858
1619856600000.0,1.3859,1.3899,1.385,1.3858
1619856900000.0,1.3866,1.3881,1.3841,1.3872
1619857200000.0,1.3872,1.3877,1.38,1.382
1619857500000.0,1.3821,1.3865,1.3821,1.3859
1619857800000.0,1.3858,1.386,1.3808,1.3809
1619858100000.0,1.3819,1.3819,1.3739,1.375
1619858400000.0,1.3749,1.3763,1.3719,1.3735
1619858700000.0,1.3735,1.3767,1.3726,1.373
1619859000000.0,1.373,1.3756,1.3723,1.3741
1619859300000.0,1.373,1.3753,1.3693,1.3693
1619859600000.0,1.3693,1.3693,1.3481,1.3524
1619859900000.0,1.3524,1.3596,1.3477,1.3541
1619860200000.0,1.3538,1.3595,1.3531,1.3549
1619860500000.0,1.3544,1.3569,1.3504,1.3549
1619860800000.0,1.3552,1.3631,1.3549,1.3631
1619861100000.0,1.3631,1.3663,1.3621,1.3651
1619861400000.0,1.3653,1.3719,1.3648,1.3717
1619861700000.0,1.372,1.3749,1.368,1.3746
1619862000000.0,1.3749,1.3777,1.373,1.3765
1619862300000.0,1.3765,1.377,1.3705,1.3741
1619862600000.0,1.3734,1.3741,1.3648,1.3653
1619862900000.0,1.3652,1.3693,1.3646,1.3652
1619863200000.0,1.3655,1.3671,1.359,1.3642
1619863500000.0,1.3648,1.366,1.3608,1.3658
1619863800000.0,1.3658,1.3666,1.3599,1.3609
1619864100000.0,1.361,1.3627,1.3562,1.3616
1619864400000.0,1.362,1.365,1.3607,1.3618
1619864700000.0,1.3618,1.3684,1.361,1.368
1619865000000.0,1.3683,1.3722,1.3679,1.3716
1619865300000.0,1.3716,1.3721,1.3637,1.3683
1619865600000.0,1.3683,1.3719,1.3659,1.3702
1619865900000.0,1.3697,1.3734,1.3682,1.373
1619866200000.0,1.373,1.387,1.373,1.3785
1619866500000.0,1.3794,1.3838,1.3777,1.3815
1619866800000.0,1.3809,1.3864,1.3806,1.3829
1619867100000.0,1.3833,1.3891,1.3825,1.387
1619867400000.0,1.3869,1.3892,1.3859,1.3884
1619867700000.0,1.3884,1.3894,1.3867,1.3874
1619868000000.0,1.3866,1.389,1.3855,1.3885
1619868300000.0,1.388,1.3926,1.387,1.3926
1619868600000.0,1.3927,1.3929,1.3889,1.3897
1619868900000.0,1.3896,1.3928,1.3889,1.3903
1619869200000.0,1.3904,1.3929,1.3881,1.3891
1619869500000.0,1.3895,1.3909,1.3883,1.3891
1619869800000.0,1.3891,1.3917,1.3891,1.3912
1619870100000.0,1.3917,1.3918,1.3896,1.3908
1619870400000.0,1.3913,1.3934,1.3905,1.3932
1619870700000.0,1.3932,1.3948,1.3856,1.387
1619871000000.0,1.387,1.3876,1.3812,1.3824
1619871300000.0,1.3829,1.386,1.382,1.3849
1619871600000.0,1.3852,1.3952,1.385,1.3907
1619871900000.0,1.39,1.3908,1.3866,1.3879
1619872200000.0,1.3876,1.3902,1.3858,1.3888
1619872500000.0,1.3892,1.3915,1.3882,1.3904
1619872800000.0,1.3906,1.3911,1.3866,1.3897
1619873100000.0,1.3895,1.39,1.3829,1.3842
1619873400000.0,1.3835,1.3891,1.3835,1.3889
1619873700000.0,1.3885,1.389,1.3803,1.3844
1619874000000.0,1.3839,1.3887,1.3833,1.3848
1619874300000.0,1.3848,1.3894,1.3806,1.3873
1619874600000.0,1.3867,1.3932,1.3866,1.3917
1619874900000.0,1.3922,1.3972,1.388,1.3967
1619875200000.0,1.3967,1.4017,1.396,1.4011
1619875500000.0,1.4012,1.4036,1.3981,1.3994
1619875800000.0,1.4,1.4021,1.3939,1.3956
1619876100000.0,1.3953,1.3963,1.3836,1.3841
1619876400000.0,1.384,1.3899,1.3833,1.3853
1619876700000.0,1.385,1.3901,1.384,1.3851
1619877000000.0,1.3839,1.3904,1.3838,1.3877
1619877300000.0,1.3873,1.3884,1.385,1.385
1619877600000.0,1.3851,1.3875,1.3815,1.3817
1619877900000.0,1.3814,1.3816,1.3736,1.3746
1619878200000.0,1.3744,1.377,1.3693,1.375
1619878500000.0,1.3745,1.3811,1.3716,1.3785
1619878800000.0,1.3785,1.384,1.378,1.3833
1619879100000.0,1.3833,1.3838,1.3793,1.3793
1619879400000.0,1.3801,1.384,1.3762,1.3817
1619879700000.0,1.3818,1.3818,1.3753,1.3773
1619880000000.0,1.377,1.3795,1.3754,1.3756
1619880300000.0,1.3755,1.3797,1.3736,1.3791
1619880600000.0,1.3791,1.383,1.3713,1.3786
1619880900000.0,1.3786,1.3812,1.3772,1.381
1619881200000.0,1.3809,1.384,1.3781,1.3791
1619881500000.0,1.3794,1.3794,1.3705,1.3739
1619881800000.0,1.3743,1.3799,1.3713,1.3768
1619882100000.0,1.377,1.3854,1.3768,1.3832
1619882400000.0,1.3844,1.3875,1.3764,1.3773
1619882700000.0,1.3764,1.3765,1.3664,1.3713
1619883000000.0,1.3708,1.3785,1.3694,1.3755
1619883300000.0,1.3752,1.3804,1.3739,1.3804
1619883600000.0,1.3806,1.3841,1.3766,1.3841
1619883900000.0,1.3838,1.3927,1.3819,1.3926
1619884200000.0,1.3927,1.3951,1.3889,1.3893
1619884500000.0,1.3901,1.3937,1.3891,1.3937
1619884800000.0,1.3933,1.3985,1.3928,1.398
1619885100000.0,1.3974,1.3985,1.3903,1.3912
1619885400000.0,1.3922,1.395,1.3875,1.395
1619885700000.0,1.3949,1.3992,1.3939,1.3986
1619886000000.0,1.3986,1.4008,1.3972,1.4008
1619886300000.0,1.4009,1.4023,1.3938,1.3988
1619886600000.0,1.3986,1.3994,1.3938,1.3955
1619886900000.0,1.3955,1.3981,1.3952,1.3967
1619887200000.0,1.397,1.4001,1.3959,1.4001
1619887500000.0,1.4001,1.4003,1.3959,1.3976
1619887800000.0,1.3974,1.4001,1.3974,1.4001
1619888100000.0,1.4001,1.4051,1.3995,1.4043
1619888400000.0,1.4048,1.4096,1.4038,1.4091
1619888700000.0,1.4084,1.4091,1.4015,1.4024
1619889000000.0,1.4024,1.4037,1.3996,1.4006
1619889300000.0,1.4,1.4013,1.3912,1.3935
1619889600000.0,1.3935,1.3985,1.3924,1.3978
1619889900000.0,1.3975,1.3985,1.3956,1.3984
1619890200000.0,1.3983,1.3984,1.3951,1.3976
1619890500000.0,1.3976,1.3979,1.3932,1.3958
1619890800000.0,1.3946,1.3971,1.3932,1.3964
1619891100000.0,1.3964,1.3975,1.3905,1.3927
1619891400000.0,1.3929,1.3965,1.3919,1.3939
1619891700000.0,1.3939,1.3955,1.3883,1.3888
1619892000000.0,1.3894,1.3943,1.3872,1.3882
1619892300000.0,1.3872,1.3913,1.3865,1.3887
1619892600000.0,1.3888,1.3929,1.3876,1.3927
1619892900000.0,1.3917,1.3937,1.387,1.3921
1619893200000.0,1.3915,1.3985,1.3915,1.3964
1619893500000.0,1.3962,1.3977,1.3954,1.3974
1619893800000.0,1.3974,1.398,1.3945,1.3975
1619894100000.0,1.3969,1.4021,1.3942,1.3948
1619894400000.0,1.3944,1.3973,1.3894,1.3935
1619894700000.0,1.3936,1.3941,1.3879,1.3896
1619895000000.0,1.3893,1.3907,1.385,1.3878
1619895300000.0,1.3878,1.3886,1.3861,1.388
1619895600000.0,1.3884,1.3886,1.3856,1.3868
1619895900000.0,1.3868,1.3896,1.3859,1.3876
1619896200000.0,1.3876,1.3904,1.3857,1.3901
1619896500000.0,1.3898,1.3921,1.3878,1.3899
1619896800000.0,1.3904,1.3906,1.3862,1.3865
1619897100000.0,1.3866,1.3908,1.3781,1.38
1619897400000.0,1.3799,1.3832,1.378,1.3809
1619897700000.0,1.3809,1.3875,1.3807,1.3871
1619898000000.0,1.3873,1.3879,1.3844,1.386
1619898300000.0,1.3858,1.3893,1.3847,1.388
1619898600000.0,1.3878,1.3962,1.3871,1.3947
1619898900000.0,1.3947,1.3989,1.3937,1.3989
1619899200000.0,1.3987,1.3999,1.3959,1.3968
1619899500000.0,1.3968,1.3978,1.3927,1.3927
1619899800000.0,1.393,1.3937,1.3892,1.391
1619900100000.0,1.3906,1.3913,1.3885,1.3909
1619900400000.0,1.3909,1.3923,1.3878,1.3894
1619900700000.0,1.3894,1.392,1.3874,1.389
1619901000000.0,1.389,1.392,1.3881,1.39
1619901300000.0,1.39,1.3917,1.3871,1.391
1619901600000.0,1.391,1.3975,1.39,1.3975
1619901900000.0,1.3975,1.3998,1.396,1.3994
1619902200000.0,1.3994,1.4005,1.3982,1.4005
1619902500000.0,1.4005,1.4057,1.4004,1.404
1619902800000.0,1.404,1.404,1.3972,1.4023
1619903100000.0,1.4026,1.4026,1.3982,1.4011
1619903400000.0,1.4008,1.4022,1.3991,1.4018
1619903700000.0,1.4018,1.4029,1.3906,1.3911
1619904000000.0,1.391,1.3936,1.3885,1.39
1619904300000.0,1.39,1.3961,1.3891,1.3961
1619904600000.0,1.3961,1.4007,1.3956,1.4007
1619904900000.0,1.4005,1.4005,1.3952,1.3958
1619905200000.0,1.3962,1.3968,1.389,1.39
1619905500000.0,1.39,1.3903,1.386,1.3876
1619905800000.0,1.3877,1.388,1.3826,1.3828
1619906100000.0,1.3827,1.387,1.3778,1.3793
1619906400000.0,1.3793,1.3845,1.3748,1.3815
1619906700000.0,1.3815,1.3832,1.3792,1.3811
1619907000000.0,1.3811,1.3812,1.3783,1.3793
1619907300000.0,1.3793,1.3874,1.379,1.3834
1619907600000.0,1.3828,1.3873,1.3824,1.3847
1619907900000.0,1.3843,1.3873,1.3835,1.3866
1619908200000.0,1.3868,1.3873,1.3843,1.3857
1619908500000.0,1.3854,1.3875,1.3837,1.3873
1619908800000.0,1.387,1.3888,1.3845,1.3869
1619909100000.0,1.387,1.3896,1.3865,1.3881
1619909400000.0,1.388,1.3889,1.3859,1.3881
1619909700000.0,1.3877,1.3894,1.386,1.3871
1619910000000.0,1.3866,1.3881,1.3853,1.3881
1619910300000.0,1.3881,1.3889,1.3864,1.3883
1619910600000.0,1.3883,1.3939,1.3883,1.3933
1619910900000.0,1.3933,1.3965,1.3868,1.3868
1619911200000.0,1.3874,1.3931,1.3861,1.3893
1619911500000.0,1.3899,1.3961,1.3893,1.3946
1619911800000.0,1.3946,1.3965,1.391,1.3957
1619912100000.0,1.3957,1.3965,1.3903,1.3922
1619912400000.0,1.3927,1.395,1.3906,1.395
1619912700000.0,1.3949,1.3962,1.3911,1.3937
1619913000000.0,1.3936,1.3954,1.3895,1.3947
1619913300000.0,1.3947,1.3955,1.3921,1.3934
1619913600000.0,1.3933,1.3996,1.393,1.3988
1619913900000.0,1.3987,1.4,1.3831,1.3873
1619914200000.0,1.3873,1.3931,1.3845,1.391
1619914500000.0,1.3911,1.3918,1.3848,1.3869
1619914800000.0,1.3864,1.3925,1.3856,1.3909
1619915100000.0,1.3904,1.3945,1.3883,1.3916
1619915400000.0,1.3913,1.3913,1.3819,1.3863
1619915700000.0,1.3854,1.3869,1.3812,1.3822
1619916000000.0,1.3823,1.383,1.378,1.3785
1619916300000.0,1.3788,1.3837,1.3783,1.3819
1619916600000.0,1.3819,1.3886,1.3814,1.384
1619916900000.0,1.3841,1.3866,1.3817,1.3837
1619917200000.0,1.3833,1.3833,1.3741,1.3751
1619917500000.0,1.3744,1.3778,1.373,1.3763
1619917800000.0,1.3772,1.3821,1.3756,1.3773
1619918100000.0,1.3778,1.3822,1.3774,1.3783
1619918400000.0,1.3784,1.3822,1.378,1.3822
1619918700000.0,1.3822,1.3839,1.3788,1.3805
1619919000000.0,1.3801,1.3836,1.3776,1.3784
1619919300000.0,1.3787,1.3834,1.3774,1.3821
1619919600000.0,1.3823,1.384,1.3787,1.3787
1619919900000.0,1.3788,1.3865,1.3787,1.3815
1619920200000.0,1.3815,1.3854,1.3808,1.3836
1619920500000.0,1.384,1.3854,1.3827,1.3844
1619920800000.0,1.3844,1.388,1.3841,1.3871
1619921100000.0,1.3869,1.3982,1.3866,1.398
1619921400000.0,1.3975,1.3995,1.3925,1.3965
1619921700000.0,1.396,1.3988,1.3917,1.3944
1619922000000.0,1.394,1.397,1.3925,1.3945
1619922300000.0,1.3952,1.3965,1.387,1.3885
1619922600000.0,1.3885,1.3903,1.3784,1.3807
1619922900000.0,1.381,1.3844,1.3783,1.3826
1619923200000.0,1.3825,1.3837,1.3791,1.3817
1619923500000.0,1.3817,1.3889,1.3807,1.384
1619923800000.0,1.3841,1.3866,1.383,1.3864
1619924100000.0,1.3864,1.3898,1.3803,1.3844
1619924400000.0,1.3844,1.3869,1.3825,1.3841
1619924700000.0,1.3843,1.3861,1.3812,1.3819
1619925000000.0,1.3818,1.3857,1.3795,1.3845
1619925300000.0,1.3845,1.3846,1.3765,1.3772
1619925600000.0,1.3765,1.378,1.3751,1.3755
1619925900000.0,1.3763,1.3763,1.371,1.3735
1619926200000.0,1.373,1.3733,1.3664,1.3681
1619926500000.0,1.3682,1.3682,1.35,1.3515
1619926800000.0,1.3504,1.3594,1.35,1.3582
1619927100000.0,1.3588,1.359,1.3513,1.3528
1619927400000.0,1.3533,1.3537,1.3383,1.3432
1619927700000.0,1.3428,1.3475,1.3389,1.3425
1619928000000.0,1.3432,1.3436,1.3205,1.3279
1619928300000.0,1.3269,1.3439,1.3205,1.3408
1619928600000.0,1.3412,1.3492,1.3409,1.3483
1619928900000.0,1.3483,1.3544,1.3473,1.3544
1619929200000.0,1.3544,1.3606,1.34,1.3469
1619929500000.0,1.3457,1.3516,1.3366,1.3389
1619929800000.0,1.3393,1.3456,1.3358,1.3445
1619930100000.0,1.3444,1.3448,1.3356,1.3405
1619930400000.0,1.3401,1.3422,1.3307,1.3422
1619930700000.0,1.3421,1.3422,1.3377,1.3386
1619931000000.0,1.3391,1.345,1.3347,1.3405
1619931300000.0,1.341,1.3462,1.3392,1.3444
1619931600000.0,1.3439,1.3442,1.332,1.3386
1619931900000.0,1.3382,1.3389,1.3318,1.3389
1619932200000.0,1.3383,1.3392,1.3348,1.3377
1619932500000.0,1.337,1.3378,1.326,1.3317
1619932800000.0,1.3316,1.3396,1.3308,1.3392
1619933100000.0,1.3391,1.3425,1.335,1.337
1619933400000.0,1.3373,1.3374,1.331,1.3338
1619933700000.0,1.3342,1.339,1.3328,1.3364
1619934000000.0,1.3364,1.3435,1.3356,1.3433
1619934300000.0,1.3435,1.3488,1.3429,1.3457
1619934600000.0,1.3457,1.3481,1.3416,1.3453
1619934900000.0,1.345,1.3482,1.3433,1.3445
1619935200000.0,1.3445,1.3495,1.3429,1.3493
1619935500000.0,1.3491,1.3526,1.3491,1.3522
1619935800000.0,1.352,1.3527,1.3488,1.3495
1619936100000.0,1.3494,1.355,1.3493,1.3541
1619936400000.0,1.3534,1.3545,1.3494,1.3503
1619936700000.0,1.3495,1.3527,1.3493,1.3508
1619937000000.0,1.3504,1.3553,1.3504,1.3545
1619937300000.0,1.3547,1.356,1.3491,1.3518
1619937600000.0,1.3518,1.3523,1.3455,1.346
1619937900000.0,1.3455,1.3506,1.3451,1.3491
1619938200000.0,1.3496,1.3537,1.348,1.3512
1619938500000.0,1.3512,1.3538,1.3483,1.3517
1619938800000.0,1.3522,1.353,1.3481,1.3527
1619939100000.0,1.3526,1.3588,1.3525,1.3558
1619939400000.0,1.3561,1.3575,1.3489,1.351
1619939700000.0,1.351,1.352,1.3437,1.3451
1619940000000.0,1.3448,1.348,1.3435,1.3444
1619940300000.0,1.3444,1.3472,1.3383,1.3417
1619940600000.0,1.3417,1.3417,1.335,1.341
1619940900000.0,1.341,1.3429,1.3362,1.3401
1619941200000.0,1.3401,1.3486,1.3401,1.3417
1619941500000.0,1.3417,1.3473,1.3393,1.3418
1619941800000.0,1.3419,1.3483,1.3414,1.3455
1619942100000.0,1.3453,1.3458,1.3402,1.3449
1619942400000.0,1.3447,1.348,1.3432,1.3451
1619942700000.0,1.3452,1.346,1.336,1.3382
1619943000000.0,1.3376,1.3383,1.3318,1.3338
1619943300000.0,1.333,1.3452,1.3291,1.3389
1619943600000.0,1.3389,1.3424,1.3339,1.3355
1619943900000.0,1.3353,1.3407,1.3332,1.3343
1619944200000.0,1.334,1.3381,1.3312,1.3318
1619944500000.0,1.3315,1.3363,1.3304,1.3363
1619944800000.0,1.3362,1.3391,1.3321,1.3321
1619945100000.0,1.3329,1.3418,1.3315,1.3416
1619945400000.0,1.3416,1.344,1.3373,1.3393
1619945700000.0,1.3394,1.3412,1.3369,1.3409
1619946000000.0,1.3409,1.3414,1.3361,1.3403
1619946300000.0,1.34,1.3516,1.3398,1.3495
1619946600000.0,1.3495,1.3511,1.3462,1.348
1619946900000.0,1.3474,1.3493,1.3422,1.3433
1619947200000.0,1.3427,1.3463,1.3332,1.3384
1619947500000.0,1.338,1.3404,1.334,1.336
1619947800000.0,1.3362,1.3363,1.33,1.3334
1619948100000.0,1.3335,1.341,1.3321,1.341
1619948400000.0,1.3404,1.3462,1.3361,1.3461
1619948700000.0,1.3453,1.3513,1.3384,1.3507
1619949000000.0,1.3512,1.3535,1.3487,1.3533
1619949300000.0,1.3526,1.3559,1.3512,1.3559
1619949600000.0,1.3559,1.358,1.3532,1.3572
1619949900000.0,1.3577,1.3609,1.357,1.3593
1619950200000.0,1.3591,1.362,1.3578,1.361
1619950500000.0,1.361,1.3628,1.3587,1.3621
1619950800000.0,1.3628,1.3633,1.3595,1.3607
1619951100000.0,1.3615,1.3627,1.3583,1.359
1619951400000.0,1.359,1.3592,1.3564,1.3589
1619951700000.0,1.3589,1.3639,1.3575,1.3633
1619952000000.0,1.3634,1.365,1.362,1.3648
1619952300000.0,1.3649,1.3659,1.3625,1.3649
1619952600000.0,1.3653,1.3666,1.3637,1.3666
1619952900000.0,1.3666,1.3677,1.3646,1.3672
1619953200000.0,1.3665,1.3684,1.3647,1.3671
1619953500000.0,1.3671,1.3684,1.3664,1.3675
1619953800000.0,1.3676,1.3694,1.3667,1.3694
1619954100000.0,1.3693,1.3708,1.3635,1.3655
1619954400000.0,1.3654,1.3657,1.3607,1.3651
1619954700000.0,1.3646,1.3657,1.3636,1.3649
1619955000000.0,1.365,1.3673,1.3631,1.3639
1619955300000.0,1.3639,1.3645,1.362,1.3632
1619955600000.0,1.3631,1.3632,1.3543,1.3617
1619955900000.0,1.3616,1.3637,1.3581,1.3623
1619956200000.0,1.3622,1.366,1.3614,1.3647
1619956500000.0,1.3648,1.37,1.3648,1.3693
1619956800000.0,1.3691,1.3725,1.3661,1.3661
1619957100000.0,1.3663,1.3672,1.363,1.3638
1619957400000.0,1.3634,1.3643,1.3589,1.3616
1619957700000.0,1.3624,1.3677,1.3587,1.3658
1619958000000.0,1.3658,1.3673,1.3647,1.3668
1619958300000.0,1.3665,1.3696,1.361,1.3683
1619958600000.0,1.3682,1.3742,1.3675,1.3724
1619958900000.0,1.3724,1.374,1.3704,1.3725
1619959200000.0,1.3725,1.375,1.3713,1.3745
1619959500000.0,1.3736,1.3762,1.3718,1.3757
1619959800000.0,1.3759,1.3772,1.3752,1.3772
1619960100000.0,1.3773,1.3785,1.3754,1.378
1619960400000.0,1.377,1.3791,1.3701,1.3733
1619960700000.0,1.3733,1.374,1.368,1.3681
1619961000000.0,1.3687,1.3825,1.368,1.3807
1619961300000.0,1.3806,1.3843,1.375,1.3827
1619961600000.0,1.382,1.3833,1.3775,1.379
1619961900000.0,1.3787,1.3947,1.3782,1.3913
1619962200000.0,1.3921,1.3924,1.3861,1.3903
1619962500000.0,1.3903,1.3915,1.3778,1.379
1619962800000.0,1.379,1.3834,1.3744,1.382
1619963100000.0,1.3811,1.3817,1.3717,1.3738
1619963400000.0,1.3737,1.38,1.37,1.3796
1619963700000.0,1.3797,1.3854,1.3795,1.3848
1619964000000.0,1.3846,1.3949,1.3842,1.3939
1619964300000.0,1.3939,1.3947,1.3899,1.392
1619964600000.0,1.392,1.3928,1.3854,1.3878
1619964900000.0,1.3873,1.3906,1.3858,1.3883
1619965200000.0,1.389,1.3892,1.3827,1.3861
1619965500000.0,1.3852,1.387,1.3817,1.3839
1619965800000.0,1.3833,1.3849,1.3786,1.3799
1619966100000.0,1.3799,1.3873,1.3781,1.3867
1619966400000.0,1.3861,1.3867,1.3829,1.3846
1619966700000.0,1.3845,1.391,1.3845,1.3906
1619967000000.0,1.391,1.3958,1.3905,1.3917
1619967300000.0,1.3916,1.3963,1.391,1.392
1619967600000.0,1.3917,1.3971,1.3888,1.3962
1619967900000.0,1.3961,1.3966,1.3871,1.3901
1619968200000.0,1.3896,1.391,1.387,1.3886
1619968500000.0,1.3893,1.4001,1.3869,1.3983
1619968800000.0,1.3975,1.4025,1.3961,1.402
1619969100000.0,1.4023,1.4032,1.3943,1.3945
1619969400000.0,1.3954,1.3984,1.392,1.3936
1619969700000.0,1.3937,1.3946,1.388,1.3931
1619970000000.0,1.3934,1.3966,1.3915,1.3936
1619970300000.0,1.3936,1.3976,1.3917,1.3948
1619970600000.0,1.3944,1.397,1.3944,1.3949
1619970900000.0,1.3948,1.3985,1.394,1.398
1619971200000.0,1.398,1.4035,1.394,1.3961
1619971500000.0,1.3961,1.4,1.3905,1.3988
1619971800000.0,1.3989,1.4016,1.395,1.3955
1619972100000.0,1.3954,1.3954,1.3858,1.3879
1619972400000.0,1.3873,1.389,1.3836,1.3857
1619972700000.0,1.3855,1.3857,1.38,1.3835
1619973000000.0,1.3835,1.3868,1.3803,1.3843
1619973300000.0,1.3843,1.3936,1.383,1.3911
1619973600000.0,1.391,1.397,1.3905,1.3942
1619973900000.0,1.3942,1.3953,1.3861,1.3907
1619974200000.0,1.3912,1.3943,1.3876,1.3921
1619974500000.0,1.3918,1.3918,1.3871,1.3882
1619974800000.0,1.3882,1.3899,1.3849,1.3871
1619975100000.0,1.3875,1.3878,1.3829,1.3861
1619975400000.0,1.3859,1.3873,1.3847,1.3873
1619975700000.0,1.3873,1.3899,1.3853,1.3886
1619976000000.0,1.3885,1.3922,1.3865,1.3916
1619976300000.0,1.3916,1.3946,1.39,1.3936
1619976600000.0,1.3936,1.3946,1.3877,1.389
1619976900000.0,1.389,1.3894,1.386,1.3877
1619977200000.0,1.3878,1.3916,1.3876,1.3916
1619977500000.0,1.3914,1.3933,1.3904,1.3926
1619977800000.0,1.3926,1.3939,1.3908,1.392
1619978100000.0,1.392,1.395,1.3911,1.3925
1619978400000.0,1.3926,1.3969,1.3926,1.3949
1619978700000.0,1.3949,1.3969,1.3945,1.3961
1619979000000.0,1.3961,1.3985,1.3953,1.3969
1619979300000.0,1.3963,1.4,1.3962,1.3995
1619979600000.0,1.3995,1.3997,1.396,1.3965
1619979900000.0,1.3965,1.3967,1.3928,1.3952
1619980200000.0,1.3949,1.3952,1.3859,1.3878
1619980500000.0,1.3877,1.3914,1.3873,1.3894
1619980800000.0,1.3898,1.3922,1.3895,1.3915
1619981100000.0,1.3915,1.3924,1.388,1.3899
1619981400000.0,1.3898,1.3904,1.3859,1.3889
1619981700000.0,1.3882,1.3919,1.3882,1.3904
1619982000000.0,1.3905,1.3981,1.3898,1.3921
1619982300000.0,1.393,1.3946,1.3902,1.3925
1619982600000.0,1.3926,1.395,1.3913,1.3942
1619982900000.0,1.3942,1.395,1.3917,1.3937
1619983200000.0,1.3928,1.3958,1.392,1.3951
1619983500000.0,1.395,1.3991,1.3942,1.3978
1619983800000.0,1.397,1.4009,1.3969,1.4009
1619984100000.0,1.4004,1.409,1.4002,1.4074
1619984400000.0,1.4073,1.4098,1.403,1.4073
1619984700000.0,1.4073,1.408,1.4009,1.4009
1619985000000.0,1.4009,1.4059,1.4009,1.4035
1619985300000.0,1.4033,1.4094,1.4026,1.408
1619985600000.0,1.4077,1.4082,1.4035,1.407
1619985900000.0,1.4074,1.409,1.4037,1.4077
1619986200000.0,1.4076,1.4088,1.4061,1.4086
1619986500000.0,1.4086,1.4099,1.4065,1.4076
1619986800000.0,1.4077,1.4089,1.406,1.4082
1619987100000.0,1.4077,1.409,1.4071,1.408
1619987400000.0,1.408,1.4135,1.408,1.4095
1619987700000.0,1.4095,1.4119,1.399,1.4032
1619988000000.0,1.4035,1.405,1.4016,1.4017
1619988300000.0,1.4021,1.4045,1.3998,1.4003
1619988600000.0,1.4006,1.4028,1.3987,1.4012
1619988900000.0,1.4007,1.405,1.4005,1.4014
1619989200000.0,1.4017,1.4053,1.399,1.4001
1619989500000.0,1.3998,1.4028,1.3996,1.4005
1619989800000.0,1.4004,1.403,1.3996,1.4021
1619990100000.0,1.4021,1.404,1.3995,1.4013
1619990400000.0,1.4016,1.4036,1.4,1.4007
1619990700000.0,1.4006,1.4033,1.3996,1.4007
1619991000000.0,1.4005,1.402,1.393,1.3989
1619991300000.0,1.3987,1.3992,1.3949,1.3949
1619991600000.0,1.3947,1.397,1.3937,1.3948
1619991900000.0,1.3951,1.397,1.3913,1.3925
1619992200000.0,1.3922,1.3973,1.3919,1.3946
1619992500000.0,1.3948,1.3952,1.3882,1.3887
1619992800000.0,1.3888,1.3941,1.3888,1.3923
1619993100000.0,1.3924,1.393,1.3884,1.3921
1619993400000.0,1.3925,1.3937,1.3858,1.3861
1619993700000.0,1.3863,1.388,1.3761,1.38
1619994000000.0,1.3789,1.3801,1.3751,1.3786
1619994300000.0,1.3786,1.379,1.3707,1.3782
1619994600000.0,1.3782,1.3794,1.3699,1.3715
1619994900000.0,1.3715,1.375,1.3693,1.3695
1619995200000.0,1.3695,1.374,1.3663,1.3671
1619995500000.0,1.367,1.3756,1.367,1.3738
1619995800000.0,1.3737,1.375,1.3683,1.3741
1619996100000.0,1.3746,1.3777,1.3736,1.3766
1619996400000.0,1.3767,1.3814,1.3766,1.3806
1619996700000.0,1.3809,1.3824,1.3798,1.3821
1619997000000.0,1.3822,1.3834,1.3799,1.3803
1619997300000.0,1.3806,1.3809,1.3763,1.377
1619997600000.0,1.3773,1.3802,1.3762,1.3793
1619997900000.0,1.3793,1.38,1.3783,1.38
1619998200000.0,1.38,1.38,1.3761,1.3784
1619998500000.0,1.3785,1.3818,1.3776,1.3815
1619998800000.0,1.3815,1.384,1.3804,1.3837
1619999100000.0,1.3829,1.387,1.3825,1.3841
1619999400000.0,1.383,1.385,1.3825,1.385
1619999700000.0,1.3843,1.3877,1.3841,1.3877
1620000000000.0,1.3877,1.3926,1.3871,1.3908
1620000300000.0,1.3907,1.398,1.3907,1.397
1620000600000.0,1.3964,1.3974,1.3919,1.3972
1620000900000.0,1.3972,1.4,1.3948,1.3987
1620001200000.0,1.3988,1.4086,1.3971,1.4086
1620001500000.0,1.4086,1.4086,1.4065,1.4085
1620001800000.0,1.4085,1.4086,1.4066,1.4084
1620002100000.0,1.408,1.4107,1.4071,1.4092
1620002400000.0,1.409,1.4144,1.4088,1.4141
1620002700000.0,1.414,1.4196,1.4132,1.419
1620003000000.0,1.419,1.4236,1.419,1.4235
1620003300000.0,1.4237,1.4278,1.4138,1.4186
1620003600000.0,1.4186,1.4202,1.415,1.4154
1620003900000.0,1.4156,1.419,1.4144,1.4169
1620004200000.0,1.4175,1.421,1.4169,1.42
1620004500000.0,1.42,1.4217,1.4153,1.4168
1620004800000.0,1.4169,1.4173,1.4131,1.4137
1620005100000.0,1.4137,1.4142,1.41,1.4129
1620005400000.0,1.413,1.4143,1.4104,1.4112
1620005700000.0,1.4112,1.4134,1.41,1.4117
1620006000000.0,1.4114,1.4186,1.4111,1.4171
1620006300000.0,1.4173,1.4279,1.4173,1.4271
1620006600000.0,1.4271,1.4272,1.4223,1.4245
1620006900000.0,1.4245,1.425,1.4184,1.425
1620007200000.0,1.4248,1.426,1.4202,1.426
1620007500000.0,1.4253,1.4276,1.4187,1.4194
1620007800000.0,1.4204,1.4212,1.416,1.4168
1620008100000.0,1.4168,1.4212,1.4166,1.4195
1620008400000.0,1.4195,1.4243,1.4195,1.4241
1620008700000.0,1.4241,1.4274,1.4223,1.4228
1620009000000.0,1.4223,1.4245,1.42,1.4204
1620009300000.0,1.4209,1.4242,1.4199,1.4228
1620009600000.0,1.4227,1.4246,1.4212,1.4214
1620009900000.0,1.4214,1.4227,1.4201,1.4208
1620010200000.0,1.4209,1.4211,1.4187,1.4197
1620010500000.0,1.4196,1.4225,1.4196,1.4208
1620010800000.0,1.4209,1.4212,1.4172,1.4193
1620011100000.0,1.419,1.4199,1.4165,1.4174
1620011400000.0,1.417,1.4181,1.4153,1.4179
1620011700000.0,1.4175,1.4249,1.4175,1.4204
1620012000000.0,1.4204,1.4207,1.4192,1.4205
1620012300000.0,1.4201,1.4219,1.417,1.4175
1620012600000.0,1.4184,1.4215,1.4174,1.421
1620012900000.0,1.4207,1.4222,1.4192,1.4213
1620013200000.0,1.4214,1.4217,1.4182,1.42
1620013500000.0,1.42,1.4227,1.4188,1.4217
1620013800000.0,1.4217,1.4217,1.4188,1.4198
1620014100000.0,1.4192,1.4212,1.4186,1.4203
1620014400000.0,1.42,1.43,1.42,1.427
1620014700000.0,1.4278,1.4289,1.4242,1.4269
1620015000000.0,1.4277,1.4278,1.4217,1.4253
1620015300000.0,1.4241,1.4246,1.42,1.4232
1620015600000.0,1.4226,1.4231,1.4178,1.4195
1620015900000.0,1.4195,1.4207,1.4177,1.4177
1620016200000.0,1.4181,1.4211,1.4176,1.42
1620016500000.0,1.42,1.4212,1.4175,1.4182
1620016800000.0,1.4177,1.4197,1.4158,1.4158
1620017100000.0,1.4159,1.4195,1.4154,1.419
1620017400000.0,1.4186,1.4212,1.4176,1.4182
1620017700000.0,1.4178,1.4181,1.4119,1.4147
1620018000000.0,1.4147,1.4155,1.4126,1.4147
1620018300000.0,1.4143,1.4188,1.414,1.4179
1620018600000.0,1.4177,1.4184,1.415,1.4158
1620018900000.0,1.4163,1.4184,1.4138,1.4183
1620019200000.0,1.4177,1.4221,1.417,1.4213
1620019500000.0,1.4219,1.4245,1.421,1.4245
1620019800000.0,1.4244,1.4261,1.4217,1.4255
1620020100000.0,1.4252,1.4263,1.422,1.4238
1620020400000.0,1.4239,1.4258,1.422,1.4232
1620020700000.0,1.4232,1.4278,1.4226,1.4277
1620021000000.0,1.4277,1.4313,1.4271,1.4312
1620021300000.0,1.4305,1.4329,1.4279,1.4282
1620021600000.0,1.4288,1.435,1.4275,1.434
1620021900000.0,1.434,1.4385,1.4323,1.4351
1620022200000.0,1.4348,1.4384,1.4348,1.4383
1620022500000.0,1.4377,1.4387,1.4338,1.4363
1620022800000.0,1.4358,1.4397,1.4351,1.4395
1620023100000.0,1.4396,1.4398,1.4303,1.4313
1620023400000.0,1.4313,1.435,1.4303,1.4325
1620023700000.0,1.4326,1.4326,1.4258,1.4294
1620024000000.0,1.4294,1.4329,1.4278,1.4307
1620024300000.0,1.4311,1.4336,1.4307,1.4336
1620024600000.0,1.4337,1.4392,1.4335,1.4387
1620024900000.0,1.438,1.4438,1.4377,1.4417
1620025200000.0,1.4417,1.442,1.4317,1.4323
1620025500000.0,1.4323,1.435,1.432,1.4345
1620025800000.0,1.4349,1.4375,1.4334,1.437
1620026100000.0,1.4373,1.4375,1.4352,1.4356
1620026400000.0,1.4358,1.4375,1.4353,1.4375
1620026700000.0,1.4375,1.44,1.4362,1.4391
1620027000000.0,1.4392,1.4392,1.4324,1.4368
1620027300000.0,1.4368,1.4439,1.435,1.441
1620027600000.0,1.441,1.4425,1.4387,1.4387
1620027900000.0,1.4389,1.4425,1.4389,1.4413
1620028200000.0,1.4412,1.4425,1.4365,1.4386
1620028500000.0,1.4392,1.4413,1.4372,1.4384
1620028800000.0,1.4383,1.4408,1.4367,1.4375
1620029100000.0,1.4379,1.4391,1.4363,1.437
1620029400000.0,1.4363,1.4377,1.4348,1.4362
1620029700000.0,1.4361,1.4425,1.4361,1.4412
1620030000000.0,1.4417,1.4439,1.4415,1.4433
1620030300000.0,1.4432,1.4439,1.4423,1.4431
1620030600000.0,1.4431,1.4439,1.4409,1.4427
1620030900000.0,1.4427,1.4439,1.434,1.436
1620031200000.0,1.436,1.4375,1.4356,1.437
1620031500000.0,1.437,1.4377,1.4329,1.4344
1620031800000.0,1.434,1.4345,1.431,1.4332
1620032100000.0,1.4332,1.4333,1.4304,1.4326
1620032400000.0,1.4326,1.4339,1.4242,1.4256
1620032700000.0,1.4256,1.4256,1.4153,1.4208
1620033000000.0,1.4203,1.4229,1.4185,1.4214
1620033300000.0,1.4211,1.4251,1.4199,1.4246
1620033600000.0,1.4248,1.4261,1.4232,1.4257
1620033900000.0,1.4257,1.4273,1.4232,1.4269
1620034200000.0,1.4272,1.4297,1.426,1.426
1620034500000.0,1.4272,1.4298,1.4259,1.4275
1620034800000.0,1.4273,1.4301,1.4252,1.4294
1620035100000.0,1.4294,1.4326,1.4268,1.4294
1620035400000.0,1.4293,1.4326,1.429,1.4318
1620035700000.0,1.4319,1.4333,1.4281,1.4319
1620036000000.0,1.4317,1.4335,1.4312,1.4335
1620036300000.0,1.4334,1.4335,1.4281,1.4298
1620036600000.0,1.4299,1.4331,1.4282,1.43
1620036900000.0,1.4314,1.4329,1.4284,1.4296
1620037200000.0,1.4296,1.4304,1.4262,1.4286
1620037500000.0,1.4285,1.4322,1.4273,1.4322
1620037800000.0,1.432,1.4322,1.4286,1.4298
1620038100000.0,1.4298,1.4325,1.4287,1.4312
1620038400000.0,1.4316,1.4335,1.4302,1.4304
1620038700000.0,1.4305,1.4342,1.4305,1.4337
1620039000000.0,1.4336,1.44,1.432,1.4397
1620039300000.0,1.4393,1.4419,1.4387,1.4399
1620039600000.0,1.4401,1.4518,1.4399,1.4509
1620039900000.0,1.4501,1.451,1.4449,1.4462
1620040200000.0,1.4462,1.451,1.4455,1.451
1620040500000.0,1.4506,1.451,1.4472,1.4481
1620040800000.0,1.4482,1.4494,1.44,1.4445
1620041100000.0,1.4447,1.4485,1.4419,1.4474
1620041400000.0,1.4474,1.4525,1.4471,1.4525
1620041700000.0,1.4523,1.4634,1.4523,1.4621
1620042000000.0,1.4623,1.4646,1.4579,1.4644
1620042300000.0,1.4644,1.467,1.4613,1.4648
1620042600000.0,1.4651,1.4668,1.455,1.4604
1620042900000.0,1.46,1.4618,1.4546,1.4553
1620043200000.0,1.4552,1.4654,1.455,1.4623
1620043500000.0,1.4622,1.463,1.4563,1.459
1620043800000.0,1.459,1.4593,1.4552,1.4584
1620044100000.0,1.4584,1.4585,1.4439,1.45
1620044400000.0,1.45,1.4519,1.4438,1.4454
1620044700000.0,1.4452,1.4484,1.4437,1.4444
1620045000000.0,1.4442,1.449,1.44,1.4429
1620045300000.0,1.4431,1.4463,1.4418,1.4446
1620045600000.0,1.4443,1.4536,1.444,1.4519
1620045900000.0,1.4519,1.4624,1.451,1.4608
1620046200000.0,1.4615,1.4639,1.4578,1.4624
1620046500000.0,1.4624,1.467,1.4623,1.4656
1620046800000.0,1.4657,1.4713,1.465,1.4684
1620047100000.0,1.4685,1.4727,1.4658,1.4699
1620047400000.0,1.4699,1.471,1.46,1.4636
1620047700000.0,1.4639,1.4676,1.4608,1.4615
1620048000000.0,1.4612,1.4645,1.4561,1.4577
1620048300000.0,1.4577,1.4675,1.4577,1.461
1620048600000.0,1.4611,1.4652,1.458,1.458
1620048900000.0,1.4582,1.4591,1.4479,1.449
1620049200000.0,1.4484,1.4573,1.4478,1.4515
1620049500000.0,1.451,1.451,1.4335,1.4346
1620049800000.0,1.4344,1.4379,1.425,1.4285
1620050100000.0,1.4289,1.4301,1.4234,1.4243
1620050400000.0,1.4241,1.4345,1.4239,1.4288
1620050700000.0,1.4287,1.4304,1.4215,1.4253
1620051000000.0,1.4249,1.4357,1.4235,1.4311
1620051300000.0,1.4313,1.438,1.431,1.4368
1620051600000.0,1.436,1.437,1.4292,1.4342
1620051900000.0,1.4344,1.4378,1.434,1.4375
1620052200000.0,1.4375,1.4378,1.4312,1.4338
1620052500000.0,1.4339,1.4378,1.4328,1.437
1620052800000.0,1.4367,1.4405,1.4338,1.4391
1620053100000.0,1.4387,1.4423,1.4375,1.442
1620053400000.0,1.4414,1.4417,1.4331,1.4356
1620053700000.0,1.4358,1.4471,1.435,1.4414
1620054000000.0,1.4414,1.4464,1.4408,1.4441
1620054300000.0,1.4443,1.4487,1.444,1.4484
1620054600000.0,1.4485,1.4521,1.4484,1.4511
1620054900000.0,1.4513,1.4545,1.45,1.454
1620055200000.0,1.4533,1.4558,1.4525,1.4541
1620055500000.0,1.454,1.4563,1.4516,1.4555
1620055800000.0,1.4555,1.4562,1.447,1.447
1620056100000.0,1.4467,1.4477,1.4386,1.4391
1620056400000.0,1.44,1.4407,1.434,1.4351
1620056700000.0,1.4355,1.4399,1.4297,1.4368
1620057000000.0,1.4369,1.4421,1.4349,1.44
1620057300000.0,1.4399,1.4459,1.4377,1.44
1620057600000.0,1.4398,1.4465,1.4375,1.4448
1620057900000.0,1.4438,1.4441,1.44,1.4407
1620058200000.0,1.4407,1.4445,1.44,1.4408
1620058500000.0,1.4401,1.45,1.44,1.4499
1620058800000.0,1.45,1.4577,1.4489,1.455
1620059100000.0,1.4547,1.4585,1.4528,1.4544
1620059400000.0,1.4552,1.4591,1.4523,1.458
1620059700000.0,1.4582,1.459,1.4532,1.459
1620060000000.0,1.4587,1.46,1.4575,1.4575
1620060300000.0,1.4583,1.46,1.456,1.4595
1620060600000.0,1.4595,1.4629,1.4532,1.4553
1620060900000.0,1.4553,1.4579,1.452,1.4565
1620061200000.0,1.4562,1.4573,1.451,1.4558
1620061500000.0,1.4562,1.4581,1.4512,1.4573
1620061800000.0,1.4578,1.4636,1.4569,1.4626
1620062100000.0,1.4616,1.4662,1.4606,1.4661
1620062400000.0,1.4661,1.468,1.465,1.4677
1620062700000.0,1.4675,1.4679,1.4634,1.4636
1620063000000.0,1.4639,1.4642,1.4593,1.4631
1620063300000.0,1.4622,1.466,1.462,1.4645
1620063600000.0,1.4647,1.4685,1.4645,1.4683
1620063900000.0,1.4683,1.4687,1.4656,1.4667
1620064200000.0,1.4669,1.4681,1.4637,1.4655
1620064500000.0,1.4655,1.467,1.4637,1.4659
1620064800000.0,1.4664,1.4672,1.464,1.467
1620065100000.0,1.467,1.4688,1.4661,1.4687
1620065400000.0,1.4681,1.474,1.468,1.4719
1620065700000.0,1.472,1.4747,1.468,1.4686
1620066000000.0,1.4694,1.4697,1.466,1.4665
1620066300000.0,1.4662,1.4665,1.4609,1.4637
1620066600000.0,1.463,1.4647,1.4611,1.4627
1620066900000.0,1.4627,1.4627,1.458,1.4612
1620067200000.0,1.4608,1.4634,1.4599,1.4627
1620067500000.0,1.4629,1.465,1.461,1.4629
1620067800000.0,1.462,1.4633,1.4595,1.46
1620068100000.0,1.46,1.4613,1.4591,1.4598
1620068400000.0,1.4598,1.4629,1.4594,1.4617
1620068700000.0,1.4613,1.4617,1.4581,1.4597
1620069000000.0,1.4597,1.4611,1.4502,1.4505
1620069300000.0,1.4503,1.4566,1.4501,1.4513
1620069600000.0,1.451,1.4553,1.45,1.4539
1620069900000.0,1.4546,1.4599,1.4531,1.4579
1620070200000.0,1.4581,1.4625,1.4567,1.4611
1620070500000.0,1.4611,1.463,1.4584,1.4619
1620070800000.0,1.4619,1.4622,1.4551,1.4603
1620071100000.0,1.4609,1.4637,1.4577,1.4621
1620071400000.0,1.463,1.4634,1.4497,1.4539
1620071700000.0,1.4537,1.4648,1.453,1.4648
1620072000000.0,1.4644,1.4644,1.448,1.4499
1620072300000.0,1.4496,1.455,1.4492,1.4534
1620072600000.0,1.4534,1.4622,1.4523,1.4593
1620072900000.0,1.4593,1.4597,1.452,1.452
1620073200000.0,1.4521,1.4525,1.4444,1.4451
1620073500000.0,1.445,1.449,1.4438,1.4468
1620073800000.0,1.447,1.4475,1.4324,1.4336
1620074100000.0,1.4336,1.4345,1.424,1.4286
1620074400000.0,1.4288,1.4368,1.4275,1.4359
1620074700000.0,1.4359,1.4458,1.4335,1.4449
1620075000000.0,1.4447,1.4484,1.438,1.4384
1620075300000.0,1.4382,1.4421,1.4309,1.4314
1620075600000.0,1.4314,1.4423,1.4298,1.4352
1620075900000.0,1.4352,1.4371,1.4251,1.4286
1620076200000.0,1.4285,1.4287,1.4187,1.4216
1620076500000.0,1.4223,1.4282,1.4201,1.4262
1620076800000.0,1.4257,1.4257,1.4218,1.4235
1620077100000.0,1.4235,1.4308,1.423,1.4299
1620077400000.0,1.4301,1.4301,1.4267,1.4271
1620077700000.0,1.4271,1.4292,1.4229,1.4292
1620078000000.0,1.4288,1.432,1.4261,1.4311
1620078300000.0,1.4312,1.432,1.4292,1.4314
1620078600000.0,1.4313,1.4344,1.4286,1.4315
1620078900000.0,1.4324,1.4345,1.4311,1.4345
1620079200000.0,1.4333,1.4433,1.4333,1.4431
1620079500000.0,1.4424,1.444,1.4374,1.4383
1620079800000.0,1.4383,1.4443,1.4364,1.443
1620080100000.0,1.4425,1.4434,1.4381,1.4398
1620080400000.0,1.439,1.4398,1.4309,1.4309
1620080700000.0,1.4309,1.439,1.4304,1.4363
1620081000000.0,1.4365,1.4379,1.4295,1.4325
1620081300000.0,1.432,1.4324,1.4275,1.4315
1620081600000.0,1.4319,1.4392,1.4316,1.439
1620081900000.0,1.4387,1.4414,1.4365,1.4414
1620082200000.0,1.4393,1.4457,1.4386,1.4439
1620082500000.0,1.4443,1.4465,1.4409,1.4453
1620082800000.0,1.4457,1.4459,1.4401,1.4438
1620083100000.0,1.4433,1.4445,1.4397,1.4401
1620083400000.0,1.4399,1.4418,1.4382,1.4389
1620083700000.0,1.4391,1.4391,1.4326,1.4334
1620084000000.0,1.4326,1.4341,1.4285,1.4324
1620084300000.0,1.4324,1.4363,1.43,1.4347
1620084600000.0,1.4347,1.445,1.4341,1.444
1620084900000.0,1.4432,1.4467,1.4404,1.4412
1620085200000.0,1.4411,1.4447,1.4392,1.4416
1620085500000.0,1.4415,1.4418,1.4366,1.4395
1620085800000.0,1.4401,1.4424,1.4372,1.4389
1620086100000.0,1.4382,1.4385,1.4317,1.4346
1620086400000.0,1.4362,1.4405,1.4258,1.4272
1620086700000.0,1.426,1.4263,1.4012,1.4058
1620087000000.0,1.4055,1.4121,1.396,1.3982
1620087300000.0,1.3981,1.409,1.3967,1.4073
1620087600000.0,1.4084,1.4144,1.4072,1.412
1620087900000.0,1.4129,1.4165,1.3995,1.4023
1620088200000.0,1.4022,1.411,1.3904,1.3924
1620088500000.0,1.3934,1.4029,1.386,1.4019
1620088800000.0,1.4027,1.4033,1.3961,1.3999
1620089100000.0,1.3997,1.4042,1.388,1.3889
1620089400000.0,1.388,1.389,1.3566,1.368
1620089700000.0,1.3671,1.372,1.3206,1.356
1620090000000.0,1.3561,1.365,1.3501,1.3638
1620090300000.0,1.3638,1.3645,1.3534,1.3613
1620090600000.0,1.3624,1.3718,1.3609,1.3718
1620090900000.0,1.3712,1.3773,1.3685,1.3773
1620091200000.0,1.3775,1.3796,1.3726,1.3785
1620091500000.0,1.3788,1.3788,1.3611,1.3694
1620091800000.0,1.3686,1.3774,1.3606,1.3733
1620092100000.0,1.3724,1.3737,1.364,1.3683
1620092400000.0,1.3688,1.371,1.3618,1.3658
1620092700000.0,1.3656,1.3755,1.3627,1.3747
1620093000000.0,1.3735,1.3777,1.3723,1.3771
1620093300000.0,1.3771,1.3773,1.3665,1.3678
1620093600000.0,1.3679,1.3777,1.3641,1.376
1620093900000.0,1.3752,1.3785,1.371,1.3735
1620094200000.0,1.3725,1.3727,1.3657,1.3696
1620094500000.0,1.3684,1.3692,1.36,1.3621
1620094800000.0,1.3617,1.3625,1.3529,1.3588
1620095100000.0,1.3595,1.3636,1.3527,1.3568
1620095400000.0,1.3564,1.3659,1.3527,1.3652
1620095700000.0,1.3646,1.3664,1.3604,1.361
1620096000000.0,1.3611,1.3621,1.3555,1.3567
1620096300000.0,1.357,1.362,1.3529,1.3549
1620096600000.0,1.3549,1.3549,1.3449,1.3493
1620096900000.0,1.3485,1.3568,1.3455,1.3517
1620097200000.0,1.3523,1.3538,1.3373,1.3538
1620097500000.0,1.3537,1.3663,1.3524,1.3657
1620097800000.0,1.3648,1.3657,1.3535,1.3548
1620098100000.0,1.3548,1.3597,1.3481,1.3492
1620098400000.0,1.3494,1.3617,1.3491,1.3598
1620098700000.0,1.3589,1.3647,1.3549,1.3647
1620099000000.0,1.3631,1.3637,1.3516,1.3516
1620099300000.0,1.3532,1.3561,1.35,1.3503
1620099600000.0,1.3509,1.3567,1.349,1.3496
1620099900000.0,1.3493,1.3562,1.3447,1.3447
1620100200000.0,1.3455,1.3462,1.3394,1.3415
1620100500000.0,1.3415,1.3507,1.3407,1.3506
1620100800000.0,1.3501,1.3574,1.34,1.3566
1620101100000.0,1.3559,1.3697,1.3559,1.3683
1620101400000.0,1.3684,1.3691,1.3634,1.3667
1620101700000.0,1.3655,1.3697,1.3603,1.3695
1620102000000.0,1.3698,1.37,1.3651,1.3697
1620102300000.0,1.369,1.3708,1.3675,1.3705
1620102600000.0,1.3705,1.3771,1.3693,1.3754
1620102900000.0,1.3754,1.3762,1.3712,1.372
1620103200000.0,1.3714,1.3743,1.3679,1.3729
1620103500000.0,1.3729,1.3798,1.3704,1.3798
1620103800000.0,1.3793,1.3811,1.3763,1.3808
1620104100000.0,1.3809,1.3827,1.3788,1.3821
1620104400000.0,1.3809,1.3832,1.3753,1.3794
1620104700000.0,1.381,1.3895,1.3797,1.389
1620105000000.0,1.3885,1.3895,1.385,1.3853
1620105300000.0,1.386,1.3906,1.3852,1.3898
1620105600000.0,1.3898,1.3912,1.3872,1.3897
1620105900000.0,1.3894,1.3927,1.387,1.3905
1620106200000.0,1.3897,1.3933,1.3879,1.3914
1620106500000.0,1.3905,1.3924,1.384,1.384
1620106800000.0,1.384,1.3883,1.3817,1.3843
1620107100000.0,1.3838,1.3881,1.3813,1.3873
1620107400000.0,1.3871,1.3911,1.3851,1.3907
1620107700000.0,1.3911,1.3924,1.3888,1.3922
1620108000000.0,1.3909,1.3963,1.39,1.3963
1620108300000.0,1.3958,1.3966,1.3912,1.3923
1620108600000.0,1.3919,1.3935,1.3888,1.3917
1620108900000.0,1.3917,1.3957,1.3902,1.3952
1620109200000.0,1.3948,1.3985,1.3948,1.3979
1620109500000.0,1.398,1.4019,1.398,1.4013
1620109800000.0,1.4011,1.4011,1.3961,1.3995
1620110100000.0,1.3996,1.401,1.3972,1.3977
1620110400000.0,1.3979,1.4002,1.3957,1.3966
1620110700000.0,1.3966,1.4005,1.395,1.3973
1620111000000.0,1.3964,1.4017,1.3964,1.3978
1620111300000.0,1.3986,1.3986,1.391,1.397
1620111600000.0,1.3974,1.4061,1.397,1.405
1620111900000.0,1.4043,1.4059,1.4023,1.4052
1620112200000.0,1.4048,1.4099,1.4048,1.4065
1620112500000.0,1.4065,1.4092,1.4045,1.4087
1620112800000.0,1.4087,1.4093,1.4041,1.4053
1620113100000.0,1.4058,1.4092,1.4042,1.4088
1620113400000.0,1.4086,1.4099,1.405,1.4065
1620113700000.0,1.4068,1.4118,1.4068,1.4118
1620114000000.0,1.4118,1.4122,1.3934,1.3947
1620114300000.0,1.3949,1.3996,1.386,1.3908
1620114600000.0,1.3912,1.3934,1.3879,1.3895
1620114900000.0,1.3895,1.3961,1.3885,1.3926
1620115200000.0,1.3927,1.3964,1.3893,1.3921
1620115500000.0,1.3924,1.3932,1.384,1.3859
1620115800000.0,1.3852,1.3852,1.3717,1.3724
1620116100000.0,1.3743,1.3889,1.3743,1.3879
1620116400000.0,1.3879,1.39,1.381,1.3813
1620116700000.0,1.3812,1.3871,1.3803,1.3854
1620117000000.0,1.3843,1.3926,1.3805,1.3872
1620117300000.0,1.3885,1.3896,1.3816,1.3825
1620117600000.0,1.3825,1.3853,1.3745,1.3745
1620117900000.0,1.3746,1.4023,1.3745,1.397
1620118200000.0,1.397,1.3994,1.3866,1.3943
1620118500000.0,1.3957,1.4118,1.3924,1.4111
1620118800000.0,1.4111,1.4166,1.4108,1.4145
1620119100000.0,1.4159,1.4188,1.4129,1.4175
1620119400000.0,1.4171,1.42,1.4166,1.42
1620119700000.0,1.42,1.42,1.4131,1.4153
1620120000000.0,1.4165,1.4228,1.4141,1.4211
1620120300000.0,1.4217,1.4275,1.4202,1.4237
1620120600000.0,1.4234,1.4243,1.4194,1.4194
1620120900000.0,1.4195,1.4232,1.4168,1.4205
1620121200000.0,1.4211,1.424,1.4183,1.4214
1620121500000.0,1.4209,1.4256,1.4208,1.4232
1620121800000.0,1.4231,1.4258,1.4209,1.4238
1620122100000.0,1.4235,1.4239,1.4186,1.4202
1620122400000.0,1.4202,1.425,1.4175,1.4241
1620122700000.0,1.4241,1.4282,1.4207,1.4275
1620123000000.0,1.4271,1.4297,1.4216,1.4289
1620123300000.0,1.4297,1.433,1.4277,1.4322
1620123600000.0,1.4322,1.4335,1.4284,1.4326
1620123900000.0,1.433,1.4337,1.4308,1.4323
1620124200000.0,1.4323,1.4341,1.4284,1.4335
1620124500000.0,1.4335,1.4369,1.4313,1.4356
1620124800000.0,1.4347,1.44,1.434,1.4397
1620125100000.0,1.4397,1.44,1.4359,1.4376
1620125400000.0,1.4368,1.44,1.4363,1.44
1620125700000.0,1.439,1.441,1.4362,1.441
1620126000000.0,1.4401,1.441,1.4367,1.4404
1620126300000.0,1.4399,1.441,1.4385,1.4408
1620126600000.0,1.4408,1.443,1.4245,1.4297
1620126900000.0,1.4309,1.431,1.4196,1.4253
1620127200000.0,1.4259,1.4337,1.4259,1.4324
1620127500000.0,1.4331,1.4375,1.4317,1.4364
1620127800000.0,1.4364,1.4422,1.4355,1.4403
1620128100000.0,1.4402,1.445,1.4367,1.4399
1620128400000.0,1.44,1.4402,1.431,1.4348
1620128700000.0,1.4349,1.435,1.4282,1.4311
1620129000000.0,1.429,1.4334,1.4245,1.4281
1620129300000.0,1.4293,1.4326,1.4281,1.4287
1620129600000.0,1.4289,1.4303,1.4255,1.4267
1620129900000.0,1.4267,1.429,1.4073,1.4081
1620130200000.0,1.4075,1.4141,1.4054,1.4107
1620130500000.0,1.4106,1.412,1.4021,1.4056
1620130800000.0,1.4053,1.4133,1.405,1.4057
1620131100000.0,1.405,1.4053,1.3946,1.3986
1620131400000.0,1.4001,1.4023,1.3932,1.4023
1620131700000.0,1.402,1.4087,1.4017,1.4081
1620132000000.0,1.4081,1.4193,1.4069,1.4171
1620132300000.0,1.4171,1.425,1.4158,1.4229
1620132600000.0,1.4229,1.4246,1.4134,1.4184
1620132900000.0,1.4174,1.4218,1.4159,1.4205
1620133200000.0,1.4212,1.4224,1.4129,1.4149
1620133500000.0,1.4149,1.4223,1.4149,1.4221
1620133800000.0,1.4221,1.4222,1.4149,1.4189
1620134100000.0,1.4189,1.4237,1.4161,1.4198
1620134400000.0,1.4194,1.4235,1.4172,1.4186
1620134700000.0,1.4178,1.4196,1.411,1.4123
1620135000000.0,1.412,1.4124,1.3993,1.4007
1620135300000.0,1.4001,1.4012,1.39,1.3975
1620135600000.0,1.3973,1.3976,1.3889,1.3932
1620135900000.0,1.3928,1.3935,1.3773,1.3785
1620136200000.0,1.3785,1.386,1.3704,1.3857
1620136500000.0,1.3857,1.3903,1.3831,1.3868
1620136800000.0,1.3868,1.3942,1.3866,1.3899
1620137100000.0,1.3894,1.3899,1.3692,1.3698
1620137400000.0,1.3698,1.3739,1.3585,1.3729
1620137700000.0,1.3726,1.3848,1.3632,1.3842
1620138000000.0,1.3836,1.3866,1.3774,1.3865
1620138300000.0,1.3858,1.3906,1.3841,1.3863
1620138600000.0,1.386,1.3873,1.3728,1.3733
1620138900000.0,1.3733,1.3765,1.35,1.3628
1620139200000.0,1.3633,1.3702,1.3588,1.36
1620139500000.0,1.3599,1.3745,1.3527,1.3734
1620139800000.0,1.374,1.3746,1.3682,1.3712
1620140100000.0,1.3717,1.3729,1.3563,1.3577
1620140400000.0,1.3566,1.3682,1.3543,1.3618
1620140700000.0,1.3618,1.3619,1.3441,1.3441
1620141000000.0,1.3441,1.3549,1.3356,1.3381
1620141300000.0,1.3376,1.3381,1.3119,1.3339
1620141600000.0,1.3343,1.3343,1.3152,1.328
1620141900000.0,1.3276,1.35,1.3262,1.3493
1620142200000.0,1.3493,1.3573,1.3457,1.3531
1620142500000.0,1.3531,1.3603,1.3435,1.3435
1620142800000.0,1.3435,1.3535,1.3385,1.3516
1620143100000.0,1.3519,1.3546,1.3467,1.3532
1620143400000.0,1.3527,1.3537,1.3363,1.3389
1620143700000.0,1.3394,1.3409,1.3269,1.3298
1620144000000.0,1.3297,1.3378,1.3159,1.3376
1620144300000.0,1.3373,1.3516,1.3366,1.3459
1620144600000.0,1.3459,1.3587,1.341,1.345
1620144900000.0,1.3453,1.3458,1.3297,1.3352
1620145200000.0,1.3354,1.3431,1.3309,1.34
1620145500000.0,1.3398,1.3472,1.3389,1.3403
1620145800000.0,1.3396,1.3396,1.32,1.3255
1620146100000.0,1.3251,1.3257,1.3021,1.3031
1620146400000.0,1.3029,1.3077,1.2937,1.2958
1620146700000.0,1.2955,1.3086,1.2835,1.2886
1620147000000.0,1.2899,1.3024,1.285,1.3024
1620147300000.0,1.302,1.31,1.3016,1.3095
1620147600000.0,1.3099,1.3228,1.3083,1.3227
1620147900000.0,1.3227,1.3241,1.3179,1.3233
1620148200000.0,1.3234,1.3281,1.321,1.322
1620148500000.0,1.3213,1.327,1.3205,1.3249
1620148800000.0,1.3252,1.3254,1.3099,1.32
1620149100000.0,1.3195,1.3271,1.3139,1.3268
1620149400000.0,1.3263,1.328,1.3207,1.3234
1620149700000.0,1.3239,1.3307,1.3232,1.3289
1620150000000.0,1.3288,1.3339,1.3288,1.3321
1620150300000.0,1.332,1.3335,1.329,1.3309
1620150600000.0,1.3309,1.331,1.3241,1.3274
1620150900000.0,1.3273,1.33,1.3238,1.3296
1620151200000.0,1.3298,1.3326,1.324,1.3306
1620151500000.0,1.3306,1.3323,1.326,1.3305
1620151800000.0,1.3305,1.3329,1.3276,1.332
1620152100000.0,1.3321,1.333,1.3269,1.3315
1620152400000.0,1.3314,1.3329,1.3238,1.3314
1620152700000.0,1.3313,1.3343,1.3276,1.3301
1620153000000.0,1.3303,1.336,1.3303,1.3328
1620153300000.0,1.3328,1.3374,1.3248,1.3355
1620153600000.0,1.3356,1.3475,1.3325,1.3463
1620153900000.0,1.3459,1.3521,1.3459,1.3506
1620154200000.0,1.3505,1.3543,1.346,1.3491
1620154500000.0,1.3492,1.3507,1.3462,1.3475
1620154800000.0,1.3474,1.35,1.3433,1.3485
1620155100000.0,1.3488,1.3508,1.3448,1.3468
1620155400000.0,1.3469,1.3501,1.34,1.3418
1620155700000.0,1.3418,1.3461,1.3395,1.3395
1620156000000.0,1.3403,1.3461,1.3396,1.3413
1620156300000.0,1.3403,1.3427,1.3356,1.3389
1620156600000.0,1.339,1.3439,1.3376,1.3432
1620156900000.0,1.3432,1.348,1.3429,1.3477
1620157200000.0,1.3464,1.348,1.3429,1.3479
1620157500000.0,1.3479,1.35,1.3432,1.3473
1620157800000.0,1.3479,1.35,1.3434,1.3452
1620158100000.0,1.3455,1.3515,1.3455,1.3512
1620158400000.0,1.3512,1.3564,1.3495,1.3556
1620158700000.0,1.3556,1.3586,1.3485,1.3542
1620159000000.0,1.3542,1.3567,1.3522,1.3554
1620159300000.0,1.3554,1.3566,1.3513,1.3545
1620159600000.0,1.3541,1.3542,1.3383,1.3383
1620159900000.0,1.3395,1.3462,1.3297,1.3303
1620160200000.0,1.3308,1.3405,1.3304,1.3347
1620160500000.0,1.3347,1.342,1.3334,1.342
1620160800000.0,1.342,1.3461,1.3411,1.3461
1620161100000.0,1.3461,1.356,1.3461,1.3534
1620161400000.0,1.3531,1.3629,1.3513,1.3625
1620161700000.0,1.3615,1.3626,1.3544,1.3558
1620162000000.0,1.3561,1.3594,1.3429,1.344
1620162300000.0,1.3429,1.3495,1.3426,1.3489
1620162600000.0,1.3489,1.36,1.3489,1.3599
1620162900000.0,1.3598,1.3606,1.3537,1.3537
1620163200000.0,1.3542,1.3547,1.3474,1.3483
1620163500000.0,1.3483,1.3529,1.346,1.3497
1620163800000.0,1.3497,1.3513,1.3425,1.3434
1620164100000.0,1.3424,1.3437,1.327,1.3326
1620164400000.0,1.3324,1.3342,1.326,1.33
1620164700000.0,1.3299,1.3349,1.3289,1.3339
1620165000000.0,1.3339,1.3344,1.3241,1.3266
1620165300000.0,1.3279,1.3322,1.3275,1.3302
1620165600000.0,1.3301,1.3328,1.3257,1.3285
1620165900000.0,1.3274,1.3323,1.3257,1.3257
1620166200000.0,1.3257,1.3266,1.3176,1.3205
1620166500000.0,1.3192,1.3235,1.3169,1.3183
1620166800000.0,1.3175,1.3249,1.3175,1.3193
1620167100000.0,1.3195,1.3242,1.3157,1.3163
1620167400000.0,1.3164,1.3206,1.3086,1.315
1620167700000.0,1.315,1.3217,1.3094,1.315
1620168000000.0,1.3154,1.3198,1.3105,1.3135
1620168300000.0,1.3137,1.3271,1.3118,1.327
1620168600000.0,1.327,1.3305,1.3219,1.3283
1620168900000.0,1.3292,1.3352,1.3275,1.3347
1620169200000.0,1.3349,1.3351,1.3224,1.3235
1620169500000.0,1.3236,1.329,1.3194,1.329
1620169800000.0,1.329,1.3321,1.3231,1.3301
1620170100000.0,1.3292,1.3299,1.3171,1.3191
1620170400000.0,1.3178,1.318,1.305,1.3063
1620170700000.0,1.3063,1.3179,1.3026,1.3098
1620171000000.0,1.3113,1.32,1.3097,1.3101
1620171300000.0,1.3097,1.3139,1.3037,1.3087
1620171600000.0,1.3089,1.31,1.2936,1.2936
1620171900000.0,1.2945,1.2963,1.28,1.28
1620172200000.0,1.28,1.2886,1.2783,1.2819
1620172500000.0,1.2815,1.283,1.2721,1.2742
1620172800000.0,1.2741,1.2799,1.2541,1.2799
1620173100000.0,1.2797,1.2968,1.2797,1.2956
1620173400000.0,1.2961,1.3011,1.2911,1.2945
1620173700000.0,1.295,1.3042,1.2944,1.302
1620174000000.0,1.3024,1.3042,1.2951,1.3037
1620174300000.0,1.3026,1.31,1.2987,1.3078
1620174600000.0,1.3078,1.3155,1.3065,1.3145
1620174900000.0,1.3145,1.3166,1.3083,1.3131
1620175200000.0,1.3133,1.3171,1.308,1.3149
1620175500000.0,1.315,1.3195,1.3106,1.3153
1620175800000.0,1.3154,1.3173,1.3088,1.3161
1620176100000.0,1.316,1.3169,1.3121,1.3121
1620176400000.0,1.3131,1.3235,1.3131,1.3216
1620176700000.0,1.3215,1.3278,1.3183,1.3269
1620177000000.0,1.3274,1.3344,1.327,1.3316
1620177300000.0,1.3319,1.335,1.3248,1.3309
1620177600000.0,1.3307,1.3314,1.3201,1.3208
1620177900000.0,1.3213,1.3243,1.3178,1.3192
1620178200000.0,1.3193,1.3204,1.3122,1.3136
1620178500000.0,1.3138,1.3242,1.3135,1.3198
1620178800000.0,1.3199,1.3287,1.3167,1.3256
1620179100000.0,1.325,1.3347,1.3232,1.3327
1620179400000.0,1.3327,1.3355,1.3281,1.3281
1620179700000.0,1.3285,1.3323,1.3277,1.3314
1620180000000.0,1.3309,1.3334,1.3221,1.3246
1620180300000.0,1.3233,1.3314,1.321,1.3278
1620180600000.0,1.3274,1.3325,1.326,1.3317
1620180900000.0,1.3314,1.3348,1.3301,1.3331
1620181200000.0,1.3335,1.337,1.3286,1.3344
1620181500000.0,1.3339,1.3462,1.3334,1.3417
1620181800000.0,1.3413,1.344,1.3386,1.3424
1620182100000.0,1.3428,1.3428,1.3323,1.3339
1620182400000.0,1.3342,1.3384,1.334,1.3355
1620182700000.0,1.3362,1.3409,1.3359,1.3384
1620183000000.0,1.338,1.3407,1.3338,1.3366
1620183300000.0,1.336,1.3428,1.3353,1.3423
1620183600000.0,1.3424,1.3432,1.3373,1.339
1620183900000.0,1.3388,1.3435,1.3381,1.3404
1620184200000.0,1.3398,1.3398,1.3329,1.3361
1620184500000.0,1.3361,1.3416,1.3342,1.335
1620184800000.0,1.3351,1.3362,1.3301,1.3341
1620185100000.0,1.3333,1.3365,1.3321,1.3321
1620185400000.0,1.3316,1.3418,1.3312,1.3418
1620185700000.0,1.3418,1.3447,1.3363,1.3444
1620186000000.0,1.3435,1.3435,1.3311,1.3365
1620186300000.0,1.3357,1.3425,1.3327,1.3421
1620186600000.0,1.3414,1.348,1.3361,1.3437
1620186900000.0,1.3435,1.3472,1.3432,1.3447
1620187200000.0,1.3453,1.3485,1.3315,1.3359
1620187500000.0,1.3359,1.35,1.3351,1.347
1620187800000.0,1.347,1.3501,1.3447,1.3471
1620188100000.0,1.3466,1.3483,1.34,1.3414
1620188400000.0,1.3401,1.343,1.335,1.3356
1620188700000.0,1.336,1.3406,1.3349,1.3363
1620189000000.0,1.3363,1.3484,1.3352,1.3477
1620189300000.0,1.3476,1.3479,1.3388,1.3404
1620189600000.0,1.3402,1.3402,1.3273,1.3293
1620189900000.0,1.33,1.3355,1.3264,1.3314
1620190200000.0,1.3314,1.3314,1.3211,1.3268
1620190500000.0,1.3268,1.3276,1.3177,1.3217
1620190800000.0,1.3221,1.325,1.316,1.3193
1620191100000.0,1.3194,1.3278,1.3194,1.3274
1620191400000.0,1.3274,1.3323,1.324,1.3313
1620191700000.0,1.3308,1.3321,1.3274,1.3311
1620192000000.0,1.331,1.3445,1.3299,1.3445
1620192300000.0,1.3446,1.3497,1.3433,1.3452
1620192600000.0,1.3443,1.3512,1.343,1.3486
1620192900000.0,1.3488,1.3528,1.3473,1.3488
1620193200000.0,1.3476,1.3524,1.3432,1.3458
1620193500000.0,1.3457,1.3457,1.338,1.3392
1620193800000.0,1.3392,1.341,1.3327,1.3401
1620194100000.0,1.3411,1.3448,1.3359,1.3428
1620194400000.0,1.3433,1.3446,1.3358,1.3391
1620194700000.0,1.3387,1.3454,1.3377,1.345
1620195000000.0,1.3445,1.346,1.3388,1.3397
1620195300000.0,1.3392,1.3399,1.3252,1.3289
1620195600000.0,1.3276,1.331,1.3212,1.326
1620195900000.0,1.326,1.3373,1.326,1.3372
1620196200000.0,1.3354,1.3354,1.3203,1.323
1620196500000.0,1.3227,1.3286,1.3182,1.3286
1620196800000.0,1.3285,1.3306,1.3232,1.3251
1620197100000.0,1.3251,1.3322,1.325,1.3292
1620197400000.0,1.3278,1.3375,1.3276,1.3367
1620197700000.0,1.3371,1.3407,1.335,1.3388
1620198000000.0,1.3398,1.3409,1.3336,1.3352
1620198300000.0,1.3355,1.3466,1.3355,1.3456
1620198600000.0,1.3452,1.3484,1.3435,1.3469
1620198900000.0,1.3468,1.3491,1.345,1.348
1620199200000.0,1.348,1.349,1.3457,1.3477
1620199500000.0,1.3482,1.3516,1.3482,1.3513
1620199800000.0,1.351,1.354,1.3491,1.3508
1620200100000.0,1.3509,1.355,1.3503,1.3545
1620200400000.0,1.355,1.358,1.353,1.3577
1620200700000.0,1.3575,1.3594,1.3553,1.3581
1620201000000.0,1.3586,1.3635,1.3579,1.3619
1620201300000.0,1.3631,1.3634,1.358,1.3624
1620201600000.0,1.3624,1.365,1.3614,1.363
1620201900000.0,1.3634,1.3669,1.3584,1.3606
1620202200000.0,1.3598,1.3604,1.35,1.3512
1620202500000.0,1.3506,1.3594,1.3504,1.3562
1620202800000.0,1.3574,1.3599,1.3551,1.3565
1620203100000.0,1.3565,1.3591,1.3494,1.3528
1620203400000.0,1.3536,1.3588,1.3533,1.3534
1620203700000.0,1.3532,1.3667,1.3529,1.3633
1620204000000.0,1.3639,1.3684,1.3593,1.3593
1620204300000.0,1.3593,1.3644,1.3572,1.3587
1620204600000.0,1.3582,1.364,1.3578,1.3631
1620204900000.0,1.363,1.3739,1.363,1.3705
1620205200000.0,1.3704,1.371,1.3668,1.3689
1620205500000.0,1.3694,1.3695,1.3601,1.3619
1620205800000.0,1.3614,1.3691,1.3592,1.3644
1620206100000.0,1.3647,1.3713,1.3643,1.3678
1620206400000.0,1.3678,1.3726,1.3669,1.3687
1620206700000.0,1.3691,1.3711,1.358,1.3628
1620207000000.0,1.3635,1.375,1.3631,1.3732
1620207300000.0,1.373,1.3775,1.3704,1.3735
1620207600000.0,1.373,1.3763,1.3719,1.373
1620207900000.0,1.3733,1.3765,1.3715,1.3723
1620208200000.0,1.3723,1.3776,1.3711,1.3774
1620208500000.0,1.3773,1.3776,1.375,1.3769
1620208800000.0,1.3763,1.3796,1.3748,1.3767
1620209100000.0,1.3763,1.3786,1.372,1.3786
1620209400000.0,1.3788,1.3793,1.3751,1.3753
1620209700000.0,1.3759,1.3766,1.368,1.3695
1620210000000.0,1.369,1.3718,1.3657,1.3662
1620210300000.0,1.3669,1.3728,1.3657,1.3711
1620210600000.0,1.3723,1.3762,1.3718,1.3745
1620210900000.0,1.3745,1.3779,1.3726,1.3772
1620211200000.0,1.3768,1.3772,1.3717,1.375
1620211500000.0,1.375,1.3778,1.371,1.3746
1620211800000.0,1.3747,1.385,1.3741,1.3812
1620212100000.0,1.3812,1.3821,1.3764,1.3807
1620212400000.0,1.3807,1.3864,1.3789,1.3853
1620212700000.0,1.3855,1.3855,1.38,1.3826
1620213000000.0,1.3827,1.3867,1.3822,1.384
1620213300000.0,1.3834,1.3849,1.3807,1.3839
1620213600000.0,1.3842,1.3842,1.3743,1.3783
1620213900000.0,1.3786,1.3873,1.3783,1.3832
1620214200000.0,1.3833,1.3874,1.3818,1.3863
1620214500000.0,1.3869,1.3885,1.3803,1.3835
1620214800000.0,1.383,1.39,1.3818,1.3889
1620215100000.0,1.3889,1.3889,1.3766,1.378
1620215400000.0,1.3775,1.3829,1.371,1.3771
1620215700000.0,1.3772,1.38,1.377,1.3772
1620216000000.0,1.3779,1.392,1.3769,1.392
1620216300000.0,1.392,1.399,1.3885,1.3986
1620216600000.0,1.3982,1.407,1.397,1.4052
1620216900000.0,1.4052,1.4199,1.4031,1.4175
1620217200000.0,1.418,1.42,1.4003,1.4125
1620217500000.0,1.4115,1.4148,1.4074,1.4109
1620217800000.0,1.4104,1.4132,1.4007,1.4035
1620218100000.0,1.4034,1.4095,1.4016,1.4095
1620218400000.0,1.4095,1.4157,1.4083,1.414
1620218700000.0,1.4141,1.4142,1.4097,1.4113
1620219000000.0,1.4108,1.4163,1.4084,1.4151
1620219300000.0,1.4149,1.4181,1.4124,1.4178
1620219600000.0,1.4178,1.4188,1.413,1.4158
1620219900000.0,1.416,1.418,1.4147,1.4162
1620220200000.0,1.4162,1.4179,1.4144,1.4167
1620220500000.0,1.4167,1.4198,1.4057,1.409
1620220800000.0,1.409,1.411,1.4057,1.4099
1620221100000.0,1.4098,1.4169,1.4066,1.4162
1620221400000.0,1.4147,1.4159,1.4038,1.408
1620221700000.0,1.408,1.4141,1.4072,1.4131
1620222000000.0,1.4131,1.4158,1.4094,1.4151
1620222300000.0,1.4149,1.42,1.4149,1.4189
1620222600000.0,1.4185,1.4186,1.4162,1.4172
1620222900000.0,1.4172,1.421,1.4171,1.4197
1620223200000.0,1.4194,1.421,1.411,1.411
1620223500000.0,1.4113,1.4116,1.3924,1.4015
1620223800000.0,1.401,1.4063,1.399,1.4054
1620224100000.0,1.4055,1.4057,1.3917,1.3925
1620224400000.0,1.3935,1.3976,1.3901,1.3958
1620224700000.0,1.3942,1.3978,1.391,1.3938
1620225000000.0,1.3938,1.4042,1.3938,1.4005
1620225300000.0,1.4002,1.4035,1.3984,1.4
1620225600000.0,1.4,1.4048,1.3994,1.4048
1620225900000.0,1.405,1.4074,1.404,1.4056
1620226200000.0,1.406,1.4111,1.406,1.4108
1620226500000.0,1.4108,1.415,1.4084,1.4149
1620226800000.0,1.4147,1.4171,1.4117,1.4117
1620227100000.0,1.4119,1.4156,1.4105,1.412
1620227400000.0,1.4136,1.4158,1.4108,1.413
1620227700000.0,1.4132,1.4172,1.4106,1.4121
1620228000000.0,1.4121,1.4121,1.408,1.4085
1620228300000.0,1.4093,1.4095,1.3976,1.4011
1620228600000.0,1.4011,1.4088,1.399,1.407
1620228900000.0,1.4069,1.4089,1.4,1.4
1620229200000.0,1.4002,1.4029,1.3972,1.4
1620229500000.0,1.3998,1.4052,1.3997,1.4044
1620229800000.0,1.4044,1.4078,1.4029,1.4041
1620230100000.0,1.4041,1.41,1.4034,1.4072
1620230400000.0,1.4077,1.4124,1.4077,1.41
1620230700000.0,1.4106,1.4163,1.4051,1.4156
1620231000000.0,1.4159,1.4271,1.4128,1.4263
1620231300000.0,1.4269,1.4309,1.4255,1.4281
1620231600000.0,1.429,1.442,1.4281,1.4401
1620231900000.0,1.4391,1.4514,1.4366,1.4474
1620232200000.0,1.4473,1.4485,1.4285,1.4306
1620232500000.0,1.4306,1.4338,1.4277,1.43
1620232800000.0,1.429,1.4332,1.4252,1.4305
1620233100000.0,1.4305,1.4387,1.4277,1.437
1620233400000.0,1.4379,1.438,1.4307,1.4321
1620233700000.0,1.432,1.4349,1.4239,1.4289
1620234000000.0,1.4285,1.4372,1.4264,1.4339
1620234300000.0,1.4334,1.4372,1.433,1.4354
1620234600000.0,1.4353,1.4367,1.431,1.433
1620234900000.0,1.4327,1.4352,1.419,1.4238
1620235200000.0,1.4237,1.4281,1.4225,1.4232
1620235500000.0,1.4242,1.4296,1.4232,1.4269
1620235800000.0,1.4265,1.4301,1.4187,1.4215
1620236100000.0,1.422,1.4233,1.4184,1.4216
1620236400000.0,1.4211,1.4221,1.4182,1.4204
1620236700000.0,1.421,1.4274,1.4205,1.4251
1620237000000.0,1.4249,1.427,1.4237,1.4252
1620237300000.0,1.4252,1.4265,1.4188,1.419
1620237600000.0,1.4201,1.4263,1.4188,1.4248
1620237900000.0,1.4249,1.4332,1.4239,1.4332
1620238200000.0,1.4312,1.4349,1.4293,1.4343
1620238500000.0,1.4346,1.4348,1.4273,1.4281
1620238800000.0,1.4281,1.4325,1.4237,1.4291
1620239100000.0,1.4293,1.4367,1.4292,1.4345
1620239400000.0,1.4345,1.438,1.4245,1.4251
1620239700000.0,1.4245,1.4331,1.4235,1.4293
1620240000000.0,1.4289,1.4289,1.4102,1.4109
1620240300000.0,1.4114,1.4241,1.4103,1.4225
1620240600000.0,1.4237,1.4237,1.4143,1.4172
1620240900000.0,1.4185,1.4187,1.4117,1.4142
1620241200000.0,1.4142,1.4172,1.4111,1.4117
1620241500000.0,1.4121,1.4168,1.4095,1.4142
1620241800000.0,1.4144,1.4189,1.4134,1.4182
1620242100000.0,1.4181,1.4206,1.415,1.4206
1620242400000.0,1.4208,1.4289,1.42,1.4275
1620242700000.0,1.4271,1.4287,1.4223,1.4225
1620243000000.0,1.4225,1.4299,1.419,1.4207
1620243300000.0,1.4207,1.4279,1.42,1.4257
1620243600000.0,1.4256,1.4334,1.4234,1.4291
1620243900000.0,1.4296,1.4359,1.4257,1.4319
1620244200000.0,1.4319,1.4365,1.431,1.435
1620244500000.0,1.435,1.4387,1.4331,1.4378
1620244800000.0,1.437,1.4378,1.424,1.427
1620245100000.0,1.4261,1.4295,1.4176,1.4224
1620245400000.0,1.422,1.43,1.4211,1.4288
1620245700000.0,1.4278,1.4283,1.4114,1.4114
1620246000000.0,1.4114,1.4194,1.411,1.4148
1620246300000.0,1.4146,1.4146,1.4006,1.4061
1620246600000.0,1.4055,1.4121,1.3988,1.4117
1620246900000.0,1.4119,1.4146,1.4054,1.4072
1620247200000.0,1.4063,1.4085,1.4033,1.4073
1620247500000.0,1.4071,1.4122,1.4055,1.4104
1620247800000.0,1.4105,1.4116,1.4046,1.4066
1620248100000.0,1.407,1.4099,1.4058,1.4064
1620248400000.0,1.4068,1.4081,1.4005,1.4032
1620248700000.0,1.4032,1.409,1.4026,1.4071
1620249000000.0,1.4075,1.4075,1.4,1.4034
1620249300000.0,1.404,1.4068,1.4004,1.402
1620249600000.0,1.402,1.405,1.4014,1.405
1620249900000.0,1.405,1.4071,1.4039,1.4055
1620250200000.0,1.4055,1.4055,1.3976,1.3987
1620250500000.0,1.3985,1.4067,1.3981,1.404
1620250800000.0,1.4042,1.4066,1.4031,1.4041
1620251100000.0,1.4041,1.4122,1.4032,1.4092
1620251400000.0,1.4092,1.4109,1.4039,1.408
1620251700000.0,1.4079,1.4097,1.4064,1.4079
1620252000000.0,1.4079,1.4115,1.4073,1.4092
1620252300000.0,1.4091,1.4196,1.4091,1.4196
1620252600000.0,1.4196,1.4354,1.419,1.4335
1620252900000.0,1.4328,1.448,1.4325,1.4474
1620253200000.0,1.448,1.4533,1.4383,1.4411
1620253500000.0,1.4411,1.4506,1.4407,1.4457
1620253800000.0,1.4468,1.4482,1.4354,1.4376
1620254100000.0,1.4383,1.4396,1.4337,1.4383
1620254400000.0,1.4382,1.4382,1.4295,1.4306
1620254700000.0,1.4306,1.4319,1.4274,1.4318
1620255000000.0,1.4316,1.4333,1.4268,1.4313
1620255300000.0,1.431,1.431,1.4233,1.4262
1620255600000.0,1.4254,1.4335,1.4239,1.4332
1620255900000.0,1.4332,1.4333,1.425,1.4256
1620256200000.0,1.425,1.4275,1.4191,1.4204
1620256500000.0,1.4204,1.4259,1.4191,1.4252
1620256800000.0,1.4258,1.4322,1.4241,1.4301
1620257100000.0,1.4298,1.43,1.4236,1.4276
1620257400000.0,1.4257,1.4327,1.4255,1.4327
1620257700000.0,1.4328,1.4358,1.431,1.4333
1620258000000.0,1.4332,1.4355,1.4309,1.4337
1620258300000.0,1.4333,1.4373,1.4316,1.4361
1620258600000.0,1.4361,1.438,1.4343,1.4372
1620258900000.0,1.4379,1.4428,1.436,1.4425
1620259200000.0,1.4419,1.4543,1.4362,1.4537
1620259500000.0,1.4533,1.4581,1.4429,1.4581
1620259800000.0,1.4577,1.4607,1.4507,1.4559
1620260100000.0,1.456,1.4571,1.4392,1.4395
1620260400000.0,1.4402,1.4455,1.4252,1.4264
1620260700000.0,1.4257,1.4288,1.4129,1.4275
1620261000000.0,1.4286,1.4356,1.4192,1.4356
1620261300000.0,1.4352,1.4444,1.4352,1.4433
1620261600000.0,1.4435,1.4482,1.422,1.424
1620261900000.0,1.4231,1.435,1.4227,1.4343
1620262200000.0,1.4346,1.4453,1.4333,1.4433
1620262500000.0,1.4445,1.452,1.4398,1.45
1620262800000.0,1.4501,1.4548,1.4411,1.4465
1620263100000.0,1.447,1.4539,1.4445,1.4482
1620263400000.0,1.4481,1.4482,1.4321,1.438
1620263700000.0,1.438,1.4492,1.4375,1.4386
1620264000000.0,1.4381,1.4475,1.4344,1.4434
1620264300000.0,1.4441,1.4558,1.4441,1.453
1620264600000.0,1.453,1.456,1.4515,1.4554
1620264900000.0,1.4552,1.4647,1.4552,1.4632
1620265200000.0,1.4629,1.4739,1.4613,1.4738
1620265500000.0,1.4727,1.4783,1.4634,1.4641
1620265800000.0,1.464,1.4701,1.4603,1.4671
1620266100000.0,1.4681,1.4716,1.4621,1.4714
1620266400000.0,1.4714,1.4714,1.4609,1.4661
1620266700000.0,1.4672,1.4823,1.4669,1.482
1620267000000.0,1.482,1.483,1.4691,1.4695
1620267300000.0,1.4699,1.471,1.4643,1.4676
1620267600000.0,1.4668,1.4695,1.4623,1.4655
1620267900000.0,1.4654,1.466,1.4537,1.4629
1620268200000.0,1.4624,1.4786,1.4597,1.4773
1620268500000.0,1.4765,1.4787,1.4743,1.4764
1620268800000.0,1.4749,1.4763,1.4665,1.4666
1620269100000.0,1.4668,1.4692,1.458,1.4648
1620269400000.0,1.464,1.4766,1.464,1.4744
1620269700000.0,1.4735,1.4751,1.4687,1.4709
1620270000000.0,1.4708,1.4708,1.4606,1.463
1620270300000.0,1.4629,1.4666,1.4613,1.466
1620270600000.0,1.4659,1.4698,1.4605,1.4645
1620270900000.0,1.4629,1.463,1.4573,1.4597
1620271200000.0,1.4598,1.4662,1.4568,1.4651
1620271500000.0,1.466,1.47,1.4634,1.4693
1620271800000.0,1.4693,1.4698,1.4648,1.4685
1620272100000.0,1.468,1.4717,1.4593,1.4667
1620272400000.0,1.4675,1.4731,1.4629,1.4651
1620272700000.0,1.4644,1.4747,1.4605,1.472
1620273000000.0,1.4722,1.4736,1.4694,1.4722
1620273300000.0,1.4729,1.4744,1.4689,1.4703
1620273600000.0,1.4702,1.4796,1.4657,1.4795
1620273900000.0,1.4788,1.4838,1.4786,1.4802
1620274200000.0,1.4804,1.4879,1.4783,1.4838
1620274500000.0,1.4843,1.4852,1.4776,1.4781
1620274800000.0,1.4781,1.4795,1.477,1.4787
1620275100000.0,1.4786,1.4878,1.4783,1.4868
1620275400000.0,1.4868,1.4892,1.4841,1.4849
1620275700000.0,1.4849,1.4893,1.4832,1.485
1620276000000.0,1.4853,1.4859,1.473,1.4771
1620276300000.0,1.477,1.4777,1.4688,1.471
1620276600000.0,1.4708,1.4739,1.4646,1.4664
1620276900000.0,1.4653,1.4757,1.4647,1.4757
1620277200000.0,1.4759,1.4769,1.469,1.4724
1620277500000.0,1.4723,1.4829,1.4713,1.4801
1620277800000.0,1.4809,1.4925,1.4801,1.4911
1620278100000.0,1.492,1.4941,1.4858,1.4898
1620278400000.0,1.4908,1.4942,1.4886,1.4917
1620278700000.0,1.4916,1.4965,1.4868,1.495
1620279000000.0,1.4945,1.4981,1.4909,1.4925
1620279300000.0,1.4925,1.4984,1.4886,1.4984
1620279600000.0,1.4982,1.4996,1.487,1.4878
1620279900000.0,1.4878,1.4882,1.4788,1.4882
1620280200000.0,1.4879,1.492,1.4852,1.4898
1620280500000.0,1.4897,1.492,1.4872,1.4897
1620280800000.0,1.4889,1.4903,1.48,1.4824
1620281100000.0,1.4821,1.4829,1.475,1.4762
1620281400000.0,1.476,1.4764,1.4664,1.4713
1620281700000.0,1.4705,1.4807,1.4671,1.4807
1620282000000.0,1.4807,1.4845,1.4754,1.4774
1620282300000.0,1.4765,1.4771,1.4701,1.4711
1620282600000.0,1.4715,1.4719,1.4622,1.4622
1620282900000.0,1.4629,1.4637,1.4558,1.4584
1620283200000.0,1.4589,1.4647,1.4564,1.4603
1620283500000.0,1.4594,1.4614,1.4409,1.4494
1620283800000.0,1.4491,1.453,1.4445,1.4457
1620284100000.0,1.4458,1.4472,1.4321,1.4395
1620284400000.0,1.4402,1.4409,1.4217,1.4409
1620284700000.0,1.4404,1.4469,1.4385,1.4447
1620285000000.0,1.4455,1.4492,1.4401,1.4473
1620285300000.0,1.4472,1.4547,1.4408,1.4546
1620285600000.0,1.4548,1.455,1.4514,1.4543
1620285900000.0,1.4543,1.4609,1.4535,1.4608
1620286200000.0,1.46,1.4608,1.4542,1.4599
1620286500000.0,1.4599,1.4627,1.4568,1.4616
1620286800000.0,1.4621,1.463,1.4587,1.4624
1620287100000.0,1.4624,1.463,1.4528,1.4608
1620287400000.0,1.4608,1.4658,1.4603,1.4639
1620287700000.0,1.463,1.4723,1.4608,1.4707
1620288000000.0,1.4708,1.4794,1.47,1.4787
1620288300000.0,1.4793,1.4796,1.4712,1.479
1620288600000.0,1.4793,1.4821,1.4747,1.482
1620288900000.0,1.4819,1.482,1.475,1.4794
1620289200000.0,1.48,1.49,1.4778,1.4879
1620289500000.0,1.4863,1.4884,1.484,1.4855
1620289800000.0,1.4857,1.4879,1.4783,1.4815
1620290100000.0,1.4815,1.4847,1.4741,1.4838
1620290400000.0,1.4846,1.4879,1.4792,1.4809
1620290700000.0,1.4818,1.482,1.4732,1.4748
1620291000000.0,1.4743,1.4777,1.4677,1.4707
1620291300000.0,1.4708,1.4814,1.4685,1.4813
1620291600000.0,1.4801,1.4876,1.4721,1.4875
1620291900000.0,1.4875,1.5025,1.4874,1.4989
1620292200000.0,1.4991,1.5105,1.4933,1.5079
1620292500000.0,1.5079,1.5081,1.4938,1.5004
1620292800000.0,1.5,1.5146,1.4939,1.5141
1620293100000.0,1.5139,1.515,1.5037,1.5089
1620293400000.0,1.5087,1.5157,1.5055,1.5154
1620293700000.0,1.5148,1.5175,1.5124,1.5151
1620294000000.0,1.5151,1.5176,1.5096,1.5137
1620294300000.0,1.5133,1.5145,1.5085,1.5099
1620294600000.0,1.5096,1.5194,1.5096,1.5168
1620294900000.0,1.5168,1.5385,1.5162,1.5379
1620295200000.0,1.5378,1.5416,1.5223,1.5289
1620295500000.0,1.5287,1.5444,1.5246,1.5402
1620295800000.0,1.5394,1.5444,1.534,1.5348
1620296100000.0,1.5345,1.5348,1.5198,1.5257
1620296400000.0,1.526,1.5367,1.5244,1.5324
1620296700000.0,1.5324,1.5338,1.5268,1.5329
1620297000000.0,1.5332,1.5332,1.5169,1.5177
1620297300000.0,1.5177,1.5298,1.5155,1.5261
1620297600000.0,1.5255,1.5272,1.5207,1.5214
1620297900000.0,1.5215,1.5251,1.5157,1.5171
1620298200000.0,1.5173,1.5371,1.5161,1.5371
1620298500000.0,1.5369,1.5446,1.5329,1.535
1620298800000.0,1.5349,1.5395,1.5234,1.5288
1620299100000.0,1.5296,1.5329,1.5222,1.5275
1620299400000.0,1.5275,1.537,1.5253,1.5289
1620299700000.0,1.5289,1.5445,1.5274,1.5384
1620300000000.0,1.538,1.5401,1.527,1.5326
1620300300000.0,1.5325,1.5335,1.5306,1.5315
1620300600000.0,1.5314,1.5319,1.5269,1.5281
1620300900000.0,1.5284,1.546,1.5279,1.544
1620301200000.0,1.544,1.551,1.5419,1.5499
1620301500000.0,1.55,1.5523,1.5476,1.5477
1620301800000.0,1.5477,1.5498,1.5445,1.5477
1620302100000.0,1.5476,1.5495,1.5401,1.544
1620302400000.0,1.5443,1.5495,1.54,1.5495
1620302700000.0,1.5494,1.5539,1.5445,1.552
1620303000000.0,1.5515,1.5623,1.5514,1.5604
1620303300000.0,1.5604,1.5604,1.5428,1.5508
1620303600000.0,1.5504,1.5558,1.5438,1.5448
1620303900000.0,1.5449,1.5492,1.5337,1.5395
1620304200000.0,1.5395,1.5445,1.5301,1.5377
1620304500000.0,1.5376,1.5449,1.5372,1.5391
1620304800000.0,1.5395,1.5396,1.5298,1.5364
1620305100000.0,1.5363,1.5539,1.5327,1.5539
1620305400000.0,1.5537,1.5683,1.5502,1.5678
1620305700000.0,1.5677,1.5792,1.5621,1.5733
1620306000000.0,1.5731,1.5733,1.5586,1.5636
1620306300000.0,1.5636,1.5651,1.5502,1.5513
1620306600000.0,1.5516,1.5634,1.5421,1.5456
1620306900000.0,1.5457,1.5528,1.5401,1.5435
1620307200000.0,1.544,1.5446,1.528,1.5348
1620307500000.0,1.5355,1.5407,1.529,1.533
1620307800000.0,1.5324,1.5364,1.5222,1.5223
1620308100000.0,1.5239,1.5281,1.5163,1.5199
1620308400000.0,1.5199,1.5249,1.5177,1.5211
1620308700000.0,1.5211,1.5335,1.5204,1.5258
1620309000000.0,1.5253,1.5339,1.5253,1.5323
1620309300000.0,1.5336,1.5339,1.5204,1.5295
1620309600000.0,1.5296,1.54,1.5268,1.5291
1620309900000.0,1.5291,1.5342,1.5213,1.5213
1620310200000.0,1.5211,1.5238,1.5122,1.5233
1620310500000.0,1.5231,1.53,1.5195,1.5251
1620310800000.0,1.5243,1.5287,1.517,1.5186
1620311100000.0,1.5186,1.5218,1.5121,1.5164
1620311400000.0,1.5164,1.5243,1.5152,1.5214
1620311700000.0,1.5223,1.5372,1.5223,1.5342
1620312000000.0,1.534,1.5347,1.5283,1.5284
1620312300000.0,1.5284,1.5351,1.524,1.5319
1620312600000.0,1.5321,1.536,1.5311,1.5338
1620312900000.0,1.5344,1.5368,1.5311,1.532
1620313200000.0,1.5323,1.5376,1.527,1.5297
1620313500000.0,1.5293,1.5305,1.5254,1.5273
1620313800000.0,1.5277,1.5277,1.5184,1.521
1620314100000.0,1.5201,1.5235,1.5172,1.5209
1620314400000.0,1.5202,1.5296,1.5174,1.5237
1620314700000.0,1.5234,1.5251,1.519,1.5196
1620315000000.0,1.5194,1.5322,1.5187,1.5309
1620315300000.0,1.5303,1.5351,1.5246,1.5246
1620315600000.0,1.5246,1.5318,1.5227,1.5228
1620315900000.0,1.5231,1.5296,1.5229,1.5236
1620316200000.0,1.5242,1.525,1.498,1.4996
1620316500000.0,1.4981,1.5173,1.4975,1.5133
1620316800000.0,1.5142,1.5312,1.5134,1.5289
1620317100000.0,1.529,1.5328,1.5148,1.5176
1620317400000.0,1.5183,1.5328,1.5183,1.5301
1620317700000.0,1.5302,1.5309,1.5189,1.5279
1620318000000.0,1.528,1.53,1.525,1.5285
1620318300000.0,1.5288,1.5345,1.5271,1.5325
1620318600000.0,1.5315,1.5357,1.5294,1.5321
1620318900000.0,1.5316,1.534,1.5267,1.5321
1620319200000.0,1.5319,1.5355,1.5294,1.5309
1620319500000.0,1.5302,1.533,1.5096,1.51
1620319800000.0,1.5101,1.52,1.5008,1.52
1620320100000.0,1.52,1.5231,1.508,1.5088
1620320400000.0,1.5088,1.5277,1.5078,1.5269
1620320700000.0,1.5272,1.5345,1.5251,1.5343
1620321000000.0,1.5345,1.5412,1.5291,1.5365
1620321300000.0,1.5359,1.5498,1.5356,1.5471
1620321600000.0,1.5471,1.5486,1.5376,1.5415
1620321900000.0,1.5415,1.55,1.5374,1.5496
1620322200000.0,1.5494,1.5564,1.5473,1.5536
1620322500000.0,1.5534,1.5581,1.5504,1.5574
1620322800000.0,1.5562,1.57,1.5562,1.5682
1620323100000.0,1.5675,1.5679,1.5483,1.5538
1620323400000.0,1.5538,1.5603,1.5462,1.5468
1620323700000.0,1.5462,1.5465,1.5306,1.5315
1620324000000.0,1.5316,1.5432,1.525,1.5251
1620324300000.0,1.5251,1.5487,1.5246,1.5456
1620324600000.0,1.5471,1.5645,1.5443,1.558
1620324900000.0,1.5579,1.564,1.5426,1.5474
1620325200000.0,1.5487,1.55,1.5314,1.5337
1620325500000.0,1.5335,1.5382,1.5242,1.5247
1620325800000.0,1.5254,1.5305,1.4828,1.4874
1620326100000.0,1.4862,1.5064,1.4803,1.483
1620326400000.0,1.4811,1.4828,1.4555,1.4645
1620326700000.0,1.462,1.486,1.4475,1.4849
1620327000000.0,1.4852,1.4991,1.4827,1.4966
1620327300000.0,1.4952,1.4987,1.4807,1.485
1620327600000.0,1.4835,1.4975,1.4762,1.4957
1620327900000.0,1.4957,1.4984,1.4811,1.4845
1620328200000.0,1.4863,1.4871,1.4676,1.4766
1620328500000.0,1.4751,1.476,1.4511,1.4655
1620328800000.0,1.4655,1.4728,1.4601,1.4695
1620329100000.0,1.4706,1.485,1.4648,1.4849
1620329400000.0,1.4849,1.4937,1.4832,1.4936
1620329700000.0,1.4936,1.4946,1.4853,1.4895
1620330000000.0,1.4899,1.4975,1.4877,1.496
1620330300000.0,1.4959,1.5036,1.4959,1.5034
1620330600000.0,1.5035,1.5071,1.502,1.5067
1620330900000.0,1.506,1.5067,1.4995,1.505
1620331200000.0,1.5045,1.5104,1.4953,1.4958
1620331500000.0,1.4966,1.4972,1.4828,1.4894
1620331800000.0,1.4878,1.4915,1.4748,1.4811
1620332100000.0,1.4801,1.4921,1.48,1.4833
1620332400000.0,1.4826,1.495,1.4826,1.4915
1620332700000.0,1.4899,1.495,1.4877,1.4945
1620333000000.0,1.4946,1.4955,1.4742,1.4757
1620333300000.0,1.4763,1.5007,1.4754,1.4986
1620333600000.0,1.4986,1.5026,1.4823,1.4846
1620333900000.0,1.4846,1.4984,1.4842,1.4984
1620334200000.0,1.4979,1.5062,1.4938,1.4988
1620334500000.0,1.4983,1.5035,1.4925,1.4991
1620334800000.0,1.4991,1.5133,1.4991,1.5119
1620335100000.0,1.5119,1.5153,1.5066,1.5121
1620335400000.0,1.5121,1.5248,1.5121,1.5231
1620335700000.0,1.5226,1.523,1.5121,1.5139
1620336000000.0,1.5139,1.5233,1.5121,1.5216
1620336300000.0,1.5216,1.5297,1.5216,1.5288
1620336600000.0,1.5281,1.5288,1.5181,1.5213
1620336900000.0,1.5213,1.5255,1.5213,1.5235
1620337200000.0,1.5239,1.5243,1.5214,1.5243
1620337500000.0,1.5243,1.5276,1.5237,1.5272
1620337800000.0,1.5272,1.5382,1.5238,1.5333
1620338100000.0,1.5333,1.54,1.5314,1.535
1620338400000.0,1.5354,1.5354,1.5145,1.5207
1620338700000.0,1.5207,1.5261,1.5158,1.5222
1620339000000.0,1.5216,1.5247,1.52,1.5204
1620339300000.0,1.5216,1.5247,1.518,1.5201
1620339600000.0,1.5197,1.5297,1.5187,1.5242
1620339900000.0,1.5247,1.5259,1.5132,1.5162
1620340200000.0,1.5166,1.5442,1.5166,1.5414
1620340500000.0,1.5429,1.5513,1.5403,1.5483
1620340800000.0,1.5481,1.5561,1.541,1.5429
1620341100000.0,1.5429,1.5485,1.542,1.5472
1620341400000.0,1.5468,1.5485,1.5445,1.5471
1620341700000.0,1.5466,1.5498,1.5448,1.5474
1620342000000.0,1.5482,1.5489,1.5334,1.5371
1620342300000.0,1.535,1.5415,1.5349,1.538
1620342600000.0,1.5389,1.54,1.5337,1.5372
1620342900000.0,1.5364,1.5398,1.5235,1.5236
1620343200000.0,1.5238,1.528,1.5116,1.5195
1620343500000.0,1.5211,1.5289,1.5207,1.5251
1620343800000.0,1.5256,1.5448,1.525,1.539
1620344100000.0,1.54,1.5445,1.5337,1.5395
1620344400000.0,1.5395,1.5395,1.5229,1.5284
1620344700000.0,1.5259,1.536,1.522,1.534
1620345000000.0,1.5364,1.5504,1.5343,1.5479
1620345300000.0,1.548,1.55,1.5324,1.5444
1620345600000.0,1.5444,1.5562,1.5434,1.5532
1620345900000.0,1.5534,1.5644,1.5368,1.5634
1620346200000.0,1.5635,1.58,1.558,1.5769
1620346500000.0,1.5768,1.587,1.5762,1.5865
1620346800000.0,1.5866,1.5904,1.5817,1.5891
1620347100000.0,1.5889,1.5941,1.5772,1.5821
1620347400000.0,1.5808,1.5814,1.5704,1.5744
1620347700000.0,1.5741,1.5887,1.5672,1.5826
1620348000000.0,1.5826,1.5882,1.5778,1.585
1620348300000.0,1.5852,1.5871,1.5711,1.572
1620348600000.0,1.5722,1.5769,1.5589,1.5633
1620348900000.0,1.5618,1.5667,1.5518,1.5542
1620349200000.0,1.5528,1.5647,1.5515,1.555
1620349500000.0,1.555,1.5599,1.5475,1.5496
1620349800000.0,1.5493,1.5511,1.5363,1.5429
1620350100000.0,1.544,1.5589,1.5433,1.5561
1620350400000.0,1.5568,1.56,1.552,1.5591
1620350700000.0,1.559,1.568,1.5545,1.5676
1620351000000.0,1.5669,1.57,1.5631,1.5694
1620351300000.0,1.57,1.5725,1.5653,1.5689
1620351600000.0,1.5683,1.5708,1.5574,1.5605
1620351900000.0,1.5605,1.5713,1.5543,1.557
1620352200000.0,1.5558,1.5624,1.5503,1.5522
1620352500000.0,1.551,1.5629,1.55,1.5573
1620352800000.0,1.5573,1.563,1.5494,1.5591
1620353100000.0,1.5591,1.5679,1.5585,1.5591
1620353400000.0,1.5591,1.5714,1.5543,1.5714
1620353700000.0,1.5714,1.5802,1.5682,1.5787
1620354000000.0,1.5787,1.5881,1.5723,1.5826
1620354300000.0,1.5813,1.5825,1.5655,1.5669
1620354600000.0,1.5662,1.5677,1.5533,1.5625
1620354900000.0,1.563,1.5636,1.5369,1.5399
1620355200000.0,1.5386,1.5444,1.5203,1.5298
1620355500000.0,1.5297,1.5556,1.5294,1.5523
1620355800000.0,1.5523,1.5623,1.5441,1.5585
1620356100000.0,1.5587,1.566,1.5405,1.5446
1620356400000.0,1.5448,1.5448,1.5264,1.5427
1620356700000.0,1.5421,1.5427,1.5299,1.5378
1620357000000.0,1.5383,1.5425,1.5263,1.5308
1620357300000.0,1.5295,1.534,1.5239,1.5281
1620357600000.0,1.5276,1.5324,1.5037,1.5061
1620357900000.0,1.5039,1.5079,1.4908,1.4979
1620358200000.0,1.4979,1.5115,1.4886,1.4976
1620358500000.0,1.499,1.514,1.4955,1.5091
1620358800000.0,1.5095,1.5171,1.5056,1.5077
1620359100000.0,1.5079,1.5227,1.5074,1.522
1620359400000.0,1.5218,1.5253,1.518,1.524
1620359700000.0,1.5227,1.5245,1.5149,1.517
1620360000000.0,1.5163,1.5166,1.5012,1.5012
1620360300000.0,1.5019,1.5065,1.4864,1.4922
1620360600000.0,1.4924,1.5099,1.4889,1.509
1620360900000.0,1.5088,1.5194,1.5009,1.5178
1620361200000.0,1.5177,1.5177,1.5038,1.5057
1620361500000.0,1.507,1.507,1.4863,1.488
1620361800000.0,1.487,1.4974,1.4771,1.4859
1620362100000.0,1.486,1.4888,1.471,1.4821
1620362400000.0,1.4827,1.4962,1.4753,1.4962
1620362700000.0,1.4961,1.5013,1.4913,1.4987
1620363000000.0,1.4994,1.5004,1.4849,1.4967
1620363300000.0,1.497,1.5121,1.497,1.5103
1620363600000.0,1.5101,1.5108,1.5019,1.5034
1620363900000.0,1.5031,1.5149,1.5031,1.5133
1620364200000.0,1.5136,1.5177,1.5122,1.5143
1620364500000.0,1.5146,1.5149,1.506,1.5135
1620364800000.0,1.5135,1.5158,1.5072,1.5145
1620365100000.0,1.5147,1.518,1.5104,1.5173
1620365400000.0,1.517,1.5237,1.5135,1.5227
1620365700000.0,1.5227,1.5235,1.5194,1.5221
1620366000000.0,1.5218,1.5293,1.5201,1.5276
1620366300000.0,1.5275,1.5275,1.5184,1.5195
1620366600000.0,1.5194,1.5229,1.514,1.5182
1620366900000.0,1.5182,1.525,1.5178,1.5185
1620367200000.0,1.5182,1.5194,1.5095,1.5117
1620367500000.0,1.5117,1.5338,1.511,1.532
1620367800000.0,1.5315,1.5384,1.5237,1.5346
1620368100000.0,1.5346,1.5394,1.5322,1.5386
1620368400000.0,1.5376,1.5381,1.5302,1.5304
1620368700000.0,1.5304,1.54,1.5301,1.5397
1620369000000.0,1.5397,1.5455,1.5346,1.5431
1620369300000.0,1.544,1.5461,1.5393,1.5429
1620369600000.0,1.542,1.5519,1.5415,1.5515
1620369900000.0,1.5519,1.5584,1.55,1.5504
1620370200000.0,1.55,1.5527,1.5474,1.5487
1620370500000.0,1.5486,1.5509,1.5443,1.5463
1620370800000.0,1.546,1.547,1.5293,1.5344
1620371100000.0,1.5345,1.5345,1.5222,1.5308
1620371400000.0,1.5301,1.54,1.5301,1.5342
1620371700000.0,1.5341,1.5516,1.5341,1.5468
1620372000000.0,1.5471,1.5559,1.5464,1.5508
1620372300000.0,1.5513,1.5556,1.5476,1.5549
1620372600000.0,1.5549,1.556,1.541,1.5493
1620372900000.0,1.5487,1.5518,1.5393,1.541
1620373200000.0,1.5405,1.5421,1.5365,1.5397
1620373500000.0,1.5413,1.5444,1.5303,1.5321
1620373800000.0,1.5319,1.5392,1.5314,1.5385
1620374100000.0,1.5392,1.5393,1.5314,1.5345
1620374400000.0,1.5346,1.5397,1.5273,1.5397
1620374700000.0,1.5379,1.5478,1.5378,1.546
1620375000000.0,1.5474,1.555,1.5329,1.5425
1620375300000.0,1.5423,1.5617,1.5421,1.5617
1620375600000.0,1.5617,1.5744,1.5538,1.5706
1620375900000.0,1.57,1.5914,1.5667,1.5914
1620376200000.0,1.5915,1.6,1.5797,1.5894
1620376500000.0,1.5907,1.5946,1.5774,1.5804
1620376800000.0,1.5814,1.6,1.5814,1.5993
1620377100000.0,1.5995,1.6177,1.5995,1.6177
1620377400000.0,1.6177,1.6217,1.6063,1.6117
1620377700000.0,1.612,1.6176,1.6091,1.6098
1620378000000.0,1.6092,1.627,1.6087,1.624
1620378300000.0,1.6251,1.6358,1.6215,1.6335
1620378600000.0,1.6352,1.6439,1.6309,1.642
1620378900000.0,1.6412,1.6546,1.6394,1.6405
1620379200000.0,1.6403,1.6464,1.633,1.637
1620379500000.0,1.6356,1.6562,1.6298,1.6519
1620379800000.0,1.6519,1.658,1.6378,1.6401
1620380100000.0,1.64,1.6519,1.6305,1.6519
1620380400000.0,1.652,1.6619,1.6456,1.6526
1620380700000.0,1.6525,1.6541,1.6402,1.643
1620381000000.0,1.644,1.644,1.6326,1.6364
1620381300000.0,1.6362,1.6396,1.6309,1.632
1620381600000.0,1.632,1.65,1.6286,1.6459
1620381900000.0,1.6461,1.6478,1.6347,1.6366
1620382200000.0,1.6363,1.64,1.629,1.6375
1620382500000.0,1.6373,1.6403,1.6335,1.6344
1620382800000.0,1.6343,1.6496,1.6337,1.6362
1620383100000.0,1.6353,1.643,1.6332,1.6405
1620383400000.0,1.6406,1.646,1.6406,1.6437
1620383700000.0,1.6437,1.6494,1.6422,1.6462
1620384000000.0,1.6462,1.6539,1.6447,1.6504
1620384300000.0,1.6527,1.6539,1.6431,1.6445
1620384600000.0,1.6437,1.67,1.6433,1.6687
1620384900000.0,1.6695,1.6798,1.6628,1.6647
1620385200000.0,1.6647,1.69,1.6646,1.6735
1620385500000.0,1.6711,1.6965,1.6693,1.67
1620385800000.0,1.67,1.6714,1.6451,1.6531
1620386100000.0,1.6539,1.666,1.6477,1.6559
1620386400000.0,1.6555,1.6687,1.6471,1.6549
1620386700000.0,1.6545,1.6684,1.6531,1.6554
1620387000000.0,1.6556,1.6578,1.6477,1.6477
1620387300000.0,1.6477,1.65,1.6419,1.6423
1620387600000.0,1.6422,1.6494,1.6375,1.6479
1620387900000.0,1.6478,1.65,1.6409,1.6461
1620388200000.0,1.6464,1.655,1.6458,1.65
1620388500000.0,1.6502,1.651,1.6432,1.6461
1620388800000.0,1.6452,1.68,1.6452,1.6733
1620389100000.0,1.6726,1.6788,1.6516,1.6522
1620389400000.0,1.6523,1.6634,1.6516,1.6632
1620389700000.0,1.663,1.6749,1.6543,1.6549
1620390000000.0,1.6555,1.6555,1.6322,1.6378
1620390300000.0,1.6366,1.6382,1.6279,1.6303
1620390600000.0,1.6301,1.652,1.6301,1.6444
1620390900000.0,1.6442,1.66,1.6429,1.6564
1620391200000.0,1.6564,1.6564,1.6362,1.641
1620391500000.0,1.6387,1.64,1.6205,1.63
1620391800000.0,1.629,1.6366,1.6257,1.631
1620392100000.0,1.63,1.6461,1.6284,1.6437
1620392400000.0,1.6449,1.6493,1.6301,1.6307
1620392700000.0,1.6309,1.6434,1.6282,1.6331
1620393000000.0,1.6333,1.642,1.6326,1.6371
1620393300000.0,1.6371,1.6411,1.6224,1.6238
1620393600000.0,1.6249,1.628,1.6211,1.6275
1620393900000.0,1.626,1.627,1.6213,1.6213
1620394200000.0,1.6213,1.6261,1.6184,1.6254
1620394500000.0,1.6254,1.6325,1.6242,1.6254
1620394800000.0,1.6264,1.6327,1.6202,1.6254
1620395100000.0,1.6245,1.6326,1.6245,1.6307
1620395400000.0,1.6306,1.6337,1.6214,1.6227
1620395700000.0,1.6227,1.625,1.6126,1.6228
1620396000000.0,1.6226,1.6284,1.6129,1.6174
1620396300000.0,1.6165,1.6194,1.6031,1.6065
1620396600000.0,1.6065,1.6138,1.6,1.6072
1620396900000.0,1.6074,1.629,1.6074,1.6289
1620397200000.0,1.6289,1.6337,1.6247,1.6279
1620397500000.0,1.6277,1.629,1.6181,1.6181
1620397800000.0,1.6186,1.634,1.6185,1.6261
1620398100000.0,1.626,1.6343,1.6258,1.633
1620398400000.0,1.632,1.6366,1.6293,1.6331
1620398700000.0,1.633,1.6468,1.633,1.644
1620399000000.0,1.6435,1.6468,1.6371,1.6372
1620399300000.0,1.6372,1.6461,1.6364,1.6425
1620399600000.0,1.6414,1.6543,1.64,1.6507
1620399900000.0,1.6509,1.6559,1.65,1.6546
1620400200000.0,1.654,1.6567,1.65,1.6563
1620400500000.0,1.6559,1.6575,1.6434,1.6442
1620400800000.0,1.6451,1.6561,1.64,1.645
1620401100000.0,1.6449,1.6456,1.64,1.644
1620401400000.0,1.6447,1.6486,1.64,1.6437
1620401700000.0,1.643,1.66,1.6409,1.6593
1620402000000.0,1.6593,1.67,1.6582,1.6636
1620402300000.0,1.6633,1.6768,1.6622,1.6661
1620402600000.0,1.6661,1.6793,1.6604,1.6793
1620402900000.0,1.6793,1.69,1.6707,1.6878
1620403200000.0,1.6896,1.6932,1.682,1.6873
1620403500000.0,1.6874,1.6887,1.6728,1.6804
1620403800000.0,1.6812,1.6856,1.6671,1.6687
1620404100000.0,1.6689,1.6704,1.6441,1.6512
1620404400000.0,1.6509,1.6533,1.6407,1.6508
1620404700000.0,1.6511,1.6513,1.6395,1.6398
1620405000000.0,1.6398,1.6453,1.6394,1.6432
1620405300000.0,1.6426,1.6452,1.6397,1.6432
1620405600000.0,1.6432,1.6461,1.6366,1.6432
1620405900000.0,1.6427,1.6438,1.6257,1.628
1620406200000.0,1.628,1.6328,1.6254,1.6308
1620406500000.0,1.6303,1.6322,1.6203,1.6227
1620406800000.0,1.623,1.6345,1.623,1.629
1620407100000.0,1.629,1.6366,1.629,1.6358
1620407400000.0,1.635,1.6398,1.6291,1.6322
1620407700000.0,1.6321,1.6379,1.6203,1.6208
1620408000000.0,1.6204,1.63,1.6181,1.6286
1620408300000.0,1.6287,1.6352,1.6259,1.6313
1620408600000.0,1.6318,1.6328,1.6185,1.6186
1620408900000.0,1.6197,1.625,1.6176,1.6176
1620409200000.0,1.6181,1.6206,1.6125,1.6164
1620409500000.0,1.6167,1.6272,1.6116,1.6217
1620409800000.0,1.6229,1.6292,1.6209,1.6211
1620410100000.0,1.6209,1.6234,1.6155,1.6179
1620410400000.0,1.618,1.6187,1.607,1.607
1620410700000.0,1.6073,1.6085,1.5952,1.5988
1620411000000.0,1.599,1.6057,1.5901,1.592
1620411300000.0,1.5927,1.5995,1.5834,1.5862
1620411600000.0,1.5863,1.5993,1.5846,1.5993
1620411900000.0,1.5994,1.6044,1.5973,1.6037
1620412200000.0,1.6037,1.6079,1.5942,1.5946
1620412500000.0,1.5934,1.6008,1.5904,1.5986
1620412800000.0,1.5983,1.6007,1.5869,1.5869
1620413100000.0,1.5872,1.5967,1.5834,1.5857
1620413400000.0,1.5857,1.587,1.583,1.5844
1620413700000.0,1.5837,1.586,1.58,1.5825
1620414000000.0,1.5825,1.5941,1.5825,1.5884
1620414300000.0,1.5884,1.595,1.5825,1.5844
1620414600000.0,1.5834,1.5867,1.5779,1.5794
1620414900000.0,1.5794,1.5795,1.565,1.5693
1620415200000.0,1.568,1.5691,1.5576,1.5648
1620415500000.0,1.5641,1.5697,1.555,1.5609
1620415800000.0,1.5612,1.566,1.55,1.565
1620416100000.0,1.5646,1.5728,1.5631,1.5661
1620416400000.0,1.5673,1.5698,1.564,1.5683
1620416700000.0,1.5682,1.5715,1.5627,1.5668
1620417000000.0,1.5663,1.573,1.5654,1.5712
1620417300000.0,1.5704,1.5736,1.5671,1.5699
1620417600000.0,1.5708,1.5832,1.57,1.5802
1620417900000.0,1.5798,1.5857,1.5795,1.5854
1620418200000.0,1.5843,1.5878,1.5811,1.5843
1620418500000.0,1.5843,1.5845,1.5747,1.5753
1620418800000.0,1.5746,1.5879,1.5732,1.5845
1620419100000.0,1.5844,1.5975,1.5817,1.5942
1620419400000.0,1.5923,1.5982,1.59,1.5918
1620419700000.0,1.5915,1.5965,1.5884,1.5919
1620420000000.0,1.5923,1.5943,1.586,1.5887
1620420300000.0,1.588,1.5921,1.5725,1.5776
1620420600000.0,1.5752,1.582,1.571,1.5787
1620420900000.0,1.5787,1.588,1.5787,1.5819
1620421200000.0,1.582,1.5831,1.5742,1.5765
1620421500000.0,1.5763,1.578,1.5627,1.5658
1620421800000.0,1.5658,1.5685,1.5595,1.5602
1620422100000.0,1.5595,1.5615,1.5492,1.55
1620422400000.0,1.5497,1.5549,1.5477,1.5538
1620422700000.0,1.5537,1.5706,1.5537,1.5634
1620423000000.0,1.563,1.5712,1.5602,1.5709
1620423300000.0,1.5702,1.5742,1.5672,1.569
1620423600000.0,1.5691,1.578,1.5631,1.576
1620423900000.0,1.576,1.5773,1.57,1.5724
1620424200000.0,1.5725,1.5779,1.5702,1.5707
1620424500000.0,1.5708,1.5765,1.5707,1.5765
1620424800000.0,1.5751,1.5874,1.5714,1.5849
1620425100000.0,1.585,1.5891,1.5809,1.5816
1620425400000.0,1.5807,1.5822,1.5675,1.5718
1620425700000.0,1.5726,1.5799,1.5692,1.5705
1620426000000.0,1.5705,1.5714,1.562,1.5634
1620426300000.0,1.5623,1.5691,1.558,1.5623
1620426600000.0,1.563,1.57,1.5549,1.5549
1620426900000.0,1.555,1.555,1.5422,1.5423
1620427200000.0,1.5422,1.5476,1.5415,1.5415
1620427500000.0,1.5414,1.542,1.5183,1.5261
1620427800000.0,1.5278,1.5423,1.5266,1.5415
1620428100000.0,1.5416,1.55,1.5369,1.5396
1620428400000.0,1.5399,1.548,1.5377,1.5477
1620428700000.0,1.5471,1.5586,1.5471,1.5575
1620429000000.0,1.5582,1.5662,1.557,1.5655
1620429300000.0,1.566,1.5665,1.557,1.5624
1620429600000.0,1.5617,1.5627,1.5554,1.5583
1620429900000.0,1.5582,1.5665,1.5557,1.5658
1620430200000.0,1.5653,1.5686,1.5634,1.5644
1620430500000.0,1.5638,1.5706,1.5633,1.5701
1620430800000.0,1.5688,1.5776,1.5677,1.5692
1620431100000.0,1.5692,1.5776,1.5687,1.5758
1620431400000.0,1.5759,1.579,1.5715,1.5743
1620431700000.0,1.5743,1.5836,1.573,1.5769
1620432000000.0,1.5775,1.579,1.5681,1.5747
1620432300000.0,1.576,1.5768,1.5636,1.5657
1620432600000.0,1.5652,1.5652,1.5472,1.5536
1620432900000.0,1.5549,1.5784,1.5549,1.5699
1620433200000.0,1.5712,1.5798,1.5705,1.5718
1620433500000.0,1.5714,1.578,1.5652,1.5654
1620433800000.0,1.5655,1.5741,1.5652,1.5695
1620434100000.0,1.5696,1.5749,1.5612,1.5628
1620434400000.0,1.5624,1.5704,1.5622,1.5668
1620434700000.0,1.5686,1.5744,1.5664,1.5698
1620435000000.0,1.5691,1.5713,1.5666,1.5688
1620435300000.0,1.5693,1.5755,1.5679,1.5732
1620435600000.0,1.5744,1.5839,1.5737,1.5829
1620435900000.0,1.5829,1.5858,1.5794,1.5801
1620436200000.0,1.5807,1.5828,1.5779,1.5811
1620436500000.0,1.5807,1.5849,1.5796,1.584
1620436800000.0,1.5844,1.5882,1.5839,1.5873
1620437100000.0,1.5881,1.593,1.5848,1.5893
1620437400000.0,1.5893,1.5974,1.5887,1.5935
1620437700000.0,1.5936,1.5984,1.5903,1.5978
1620438000000.0,1.5981,1.6034,1.5953,1.6001
1620438300000.0,1.6001,1.601,1.594,1.5946
1620438600000.0,1.5948,1.5974,1.5912,1.5931
1620438900000.0,1.5932,1.6009,1.5919,1.596
1620439200000.0,1.5971,1.605,1.5962,1.602
1620439500000.0,1.6026,1.6068,1.5962,1.6061
1620439800000.0,1.6066,1.6094,1.5993,1.6014
1620440100000.0,1.6014,1.6014,1.5935,1.5983
1620440400000.0,1.5972,1.5979,1.5916,1.5943
1620440700000.0,1.5943,1.606,1.594,1.6051
1620441000000.0,1.6042,1.6119,1.6042,1.6113
1620441300000.0,1.6117,1.6117,1.6002,1.6013
1620441600000.0,1.6005,1.6006,1.5968,1.5983
1620441900000.0,1.5976,1.5978,1.5868,1.5888
1620442200000.0,1.5883,1.6,1.5883,1.5983
1620442500000.0,1.5977,1.6027,1.595,1.602
1620442800000.0,1.6012,1.6012,1.592,1.592
1620443100000.0,1.592,1.5997,1.592,1.5974
1620443400000.0,1.5977,1.6005,1.5971,1.5991
1620443700000.0,1.5995,1.5997,1.5952,1.5997
1620444000000.0,1.5997,1.6074,1.5984,1.6065
1620444300000.0,1.6066,1.6101,1.6023,1.6077
1620444600000.0,1.608,1.6092,1.5993,1.6017
1620444900000.0,1.6024,1.6032,1.5952,1.5968
1620445200000.0,1.596,1.6014,1.596,1.6007
1620445500000.0,1.601,1.6041,1.5999,1.5999
1620445800000.0,1.6006,1.6023,1.5982,1.5997
1620446100000.0,1.6002,1.6038,1.5977,1.602
1620446400000.0,1.602,1.6026,1.5913,1.5953
1620446700000.0,1.5955,1.5989,1.592,1.5966
1620447000000.0,1.597,1.5972,1.5912,1.5922
1620447300000.0,1.5916,1.5916,1.5818,1.5851
1620447600000.0,1.5855,1.5931,1.5843,1.5897
1620447900000.0,1.5904,1.6028,1.5877,1.6028
1620448200000.0,1.6027,1.6118,1.5994,1.6112
1620448500000.0,1.6103,1.6116,1.6035,1.6069
1620448800000.0,1.6074,1.6115,1.6047,1.6112
1620449100000.0,1.6112,1.6112,1.6018,1.6018
1620449400000.0,1.6027,1.6096,1.5998,1.6018
1620449700000.0,1.6025,1.6197,1.6014,1.6176
1620450000000.0,1.6175,1.6189,1.6059,1.6076
1620450300000.0,1.6078,1.6078,1.5995,1.6002
1620450600000.0,1.6001,1.6009,1.5931,1.5942
1620450900000.0,1.5949,1.5976,1.5905,1.5976
1620451200000.0,1.5975,1.61,1.597,1.608
1620451500000.0,1.6096,1.6124,1.6008,1.6055
1620451800000.0,1.6047,1.6086,1.5991,1.6086
1620452100000.0,1.6088,1.6162,1.6085,1.6138
1620452400000.0,1.6136,1.6244,1.6063,1.6063
1620452700000.0,1.6064,1.617,1.6064,1.6115
1620453000000.0,1.6118,1.6123,1.6039,1.6058
1620453300000.0,1.6053,1.6074,1.6013,1.6033
1620453600000.0,1.6034,1.6108,1.6,1.6065
1620453900000.0,1.6061,1.607,1.6,1.6
1620454200000.0,1.6008,1.604,1.5955,1.5992
1620454500000.0,1.5985,1.6,1.5941,1.5971
1620454800000.0,1.597,1.5983,1.5872,1.5956
1620455100000.0,1.5957,1.597,1.5906,1.5939
1620455400000.0,1.5939,1.5939,1.5804,1.5858
1620455700000.0,1.5857,1.5862,1.5777,1.5848
1620456000000.0,1.5839,1.5937,1.5839,1.59
1620456300000.0,1.5904,1.5904,1.5723,1.5745
1620456600000.0,1.5736,1.5797,1.5658,1.5788
1620456900000.0,1.5792,1.5798,1.5729,1.5737
1620457200000.0,1.5737,1.5739,1.5611,1.57
1620457500000.0,1.5681,1.5703,1.5622,1.566
1620457800000.0,1.5675,1.5785,1.5626,1.5785
1620458100000.0,1.5783,1.5849,1.5761,1.5845
1620458400000.0,1.5844,1.5866,1.5841,1.5845
1620458700000.0,1.585,1.5853,1.5769,1.5849
1620459000000.0,1.5845,1.5845,1.5769,1.5769
1620459300000.0,1.5769,1.585,1.574,1.581
1620459600000.0,1.58,1.58,1.5742,1.5771
1620459900000.0,1.5772,1.5843,1.5761,1.5804
1620460200000.0,1.5814,1.5839,1.5777,1.5834
1620460500000.0,1.5835,1.5853,1.5761,1.5767
1620460800000.0,1.5771,1.581,1.5702,1.5725
1620461100000.0,1.5726,1.5736,1.5698,1.5703
1620461400000.0,1.5705,1.5709,1.5604,1.5605
1620461700000.0,1.5623,1.5689,1.5607,1.5668
1620462000000.0,1.5668,1.572,1.5639,1.5715
1620462300000.0,1.571,1.5847,1.571,1.5814
1620462600000.0,1.582,1.5843,1.5693,1.5708
1620462900000.0,1.571,1.5777,1.5701,1.5745
1620463200000.0,1.5745,1.5775,1.5722,1.5745
1620463500000.0,1.5742,1.5747,1.5664,1.57
1620463800000.0,1.5697,1.5733,1.5697,1.5721
1620464100000.0,1.571,1.5718,1.5665,1.5691
1620464400000.0,1.5692,1.5701,1.5589,1.563
1620464700000.0,1.563,1.5637,1.5405,1.5517
1620465000000.0,1.5523,1.5523,1.5481,1.5499
1620465300000.0,1.5498,1.555,1.5491,1.5526
1620465600000.0,1.5523,1.5532,1.5495,1.5532
1620465900000.0,1.5533,1.5595,1.5529,1.5578
1620466200000.0,1.5573,1.5601,1.5527,1.5548
1620466500000.0,1.555,1.5603,1.553,1.56
1620466800000.0,1.5598,1.5598,1.5563,1.5586
1620467100000.0,1.558,1.5618,1.5519,1.5533
1620467400000.0,1.5533,1.5571,1.5498,1.5558
1620467700000.0,1.5569,1.5596,1.5554,1.5572
1620468000000.0,1.5574,1.5575,1.5534,1.5539
1620468300000.0,1.5538,1.5569,1.5536,1.5568
1620468600000.0,1.5567,1.5567,1.5524,1.5546
1620468900000.0,1.5549,1.5614,1.5543,1.5601
1620469200000.0,1.5595,1.5602,1.5559,1.558
1620469500000.0,1.5579,1.558,1.5551,1.5559
1620469800000.0,1.5555,1.5578,1.549,1.5491
1620470100000.0,1.5492,1.552,1.548,1.5512
1620470400000.0,1.5514,1.5516,1.5416,1.5416
1620470700000.0,1.5419,1.5498,1.5405,1.5488
1620471000000.0,1.5488,1.5488,1.5443,1.5488
1620471300000.0,1.5488,1.5554,1.5488,1.5519
1620471600000.0,1.5524,1.5618,1.5524,1.5605
1620471900000.0,1.5612,1.5656,1.5588,1.5592
1620472200000.0,1.5588,1.5588,1.5511,1.553
1620472500000.0,1.5522,1.5537,1.5477,1.5509
1620472800000.0,1.5519,1.556,1.551,1.552
1620473100000.0,1.551,1.5548,1.5488,1.5546
1620473400000.0,1.5541,1.5559,1.5535,1.5554
1620473700000.0,1.5554,1.5557,1.5518,1.5518
1620474000000.0,1.5515,1.554,1.5476,1.5536
1620474300000.0,1.5531,1.5623,1.553,1.5581
1620474600000.0,1.5583,1.5587,1.5534,1.5569
1620474900000.0,1.5555,1.5562,1.551,1.5513
1620475200000.0,1.5513,1.5526,1.5434,1.5472
1620475500000.0,1.5463,1.5548,1.5449,1.5535
1620475800000.0,1.5535,1.5553,1.5495,1.5504
1620476100000.0,1.5504,1.5545,1.5486,1.5544
1620476400000.0,1.555,1.5589,1.5542,1.5564
1620476700000.0,1.5564,1.5564,1.5494,1.5512
1620477000000.0,1.5513,1.5571,1.5503,1.5565
1620477300000.0,1.5561,1.5591,1.5487,1.55
1620477600000.0,1.549,1.5499,1.5336,1.536
1620477900000.0,1.5365,1.54,1.5334,1.5362
1620478200000.0,1.5362,1.5433,1.5356,1.5415
1620478500000.0,1.5422,1.546,1.5402,1.5411
1620478800000.0,1.5418,1.5465,1.5357,1.5361
1620479100000.0,1.5361,1.5363,1.5294,1.5333
1620479400000.0,1.5326,1.5375,1.53,1.5331
1620479700000.0,1.5332,1.538,1.532,1.5329
1620480000000.0,1.5328,1.5346,1.5271,1.5288
1620480300000.0,1.5281,1.5288,1.5219,1.5219
1620480600000.0,1.5218,1.5274,1.5217,1.5249
1620480900000.0,1.5249,1.5368,1.5243,1.5368
1620481200000.0,1.5358,1.5452,1.5356,1.5427
1620481500000.0,1.5431,1.5512,1.5414,1.5487
1620481800000.0,1.5491,1.5499,1.5435,1.5452
1620482100000.0,1.5439,1.5483,1.542,1.5444
1620482400000.0,1.545,1.5522,1.5361,1.5361
1620482700000.0,1.5361,1.5418,1.5361,1.5386
1620483000000.0,1.5389,1.5427,1.5364,1.5371
1620483300000.0,1.537,1.541,1.5359,1.5365
1620483600000.0,1.5366,1.5404,1.5358,1.5399
1620483900000.0,1.5399,1.5441,1.5392,1.543
1620484200000.0,1.5434,1.5465,1.543,1.5454
1620484500000.0,1.5454,1.5481,1.545,1.5474
1620484800000.0,1.5477,1.552,1.5455,1.552
1620485100000.0,1.552,1.5535,1.5469,1.5502
1620485400000.0,1.55,1.5565,1.5498,1.555
1620485700000.0,1.5552,1.5575,1.5533,1.554
1620486000000.0,1.5533,1.5553,1.5484,1.5484
1620486300000.0,1.5483,1.5523,1.5479,1.5515
1620486600000.0,1.5516,1.552,1.5472,1.5477
1620486900000.0,1.5485,1.55,1.5411,1.5426
1620487200000.0,1.5428,1.5428,1.5373,1.5389
1620487500000.0,1.5393,1.5411,1.5351,1.5406
1620487800000.0,1.5401,1.5408,1.5313,1.532
1620488100000.0,1.5325,1.5341,1.5243,1.5248
1620488400000.0,1.5242,1.5269,1.5213,1.5214
1620488700000.0,1.5225,1.5225,1.5078,1.5106
1620489000000.0,1.5105,1.52,1.5105,1.5128
1620489300000.0,1.5129,1.5129,1.4965,1.5045
1620489600000.0,1.5061,1.5184,1.5031,1.5168
1620489900000.0,1.5168,1.5295,1.5138,1.5295
1620490200000.0,1.5295,1.5316,1.5187,1.5284
1620490500000.0,1.5285,1.536,1.5269,1.5346
1620490800000.0,1.5342,1.5383,1.5307,1.5324
1620491100000.0,1.5318,1.5334,1.5211,1.5231
1620491400000.0,1.5234,1.5255,1.5164,1.5197
1620491700000.0,1.5205,1.5249,1.5121,1.5148
1620492000000.0,1.5147,1.5177,1.5084,1.51
1620492300000.0,1.5106,1.5195,1.5066,1.5163
1620492600000.0,1.5171,1.518,1.5095,1.5118
1620492900000.0,1.5127,1.5173,1.5066,1.5084
1620493200000.0,1.508,1.5123,1.488,1.4951
1620493500000.0,1.4946,1.5099,1.4941,1.5078
1620493800000.0,1.507,1.5139,1.5066,1.5117
1620494100000.0,1.5118,1.5161,1.5084,1.5151
1620494400000.0,1.5154,1.5196,1.5123,1.5181
1620494700000.0,1.5187,1.5199,1.5126,1.5138
1620495000000.0,1.514,1.5181,1.5109,1.5157
1620495300000.0,1.5157,1.5273,1.5145,1.5232
1620495600000.0,1.5227,1.5343,1.5227,1.5308
1620495900000.0,1.5305,1.5348,1.5294,1.5335
1620496200000.0,1.5327,1.5361,1.5307,1.5312
1620496500000.0,1.5315,1.5349,1.5292,1.531
1620496800000.0,1.5312,1.5348,1.5289,1.5347
1620497100000.0,1.5345,1.5393,1.5329,1.5383
1620497400000.0,1.5394,1.5394,1.5311,1.5353
1620497700000.0,1.5353,1.5374,1.534,1.5352
1620498000000.0,1.5346,1.5421,1.5346,1.5394
1620498300000.0,1.5394,1.5483,1.5342,1.5476
1620498600000.0,1.5476,1.5494,1.5454,1.5463
1620498900000.0,1.5464,1.5649,1.5452,1.5477
1620499200000.0,1.5478,1.5506,1.5417,1.5493
1620499500000.0,1.5494,1.5506,1.5465,1.5485
1620499800000.0,1.5485,1.5875,1.546,1.5601
1620500100000.0,1.5608,1.5608,1.5486,1.5487
1620500400000.0,1.549,1.554,1.5448,1.5501
1620500700000.0,1.55,1.6117,1.5476,1.5722
1620501000000.0,1.5705,1.5768,1.5608,1.57
1620501300000.0,1.5699,1.5787,1.5674,1.5712
1620501600000.0,1.5714,1.5764,1.5603,1.5618
1620501900000.0,1.5605,1.5636,1.5586,1.561
1620502200000.0,1.5616,1.5737,1.5603,1.5631
1620502500000.0,1.5621,1.5677,1.5621,1.5632
1620502800000.0,1.5636,1.5728,1.5636,1.5675
1620503100000.0,1.5675,1.5709,1.562,1.566
1620503400000.0,1.5652,1.57,1.5637,1.57
1620503700000.0,1.57,1.5746,1.5694,1.5738
1620504000000.0,1.5734,1.5741,1.5625,1.5668
1620504300000.0,1.5669,1.5674,1.5603,1.564
1620504600000.0,1.5637,1.5696,1.5577,1.5672
1620504900000.0,1.5671,1.5692,1.5637,1.5645
1620505200000.0,1.5638,1.5638,1.5631,1.5631
